{
	"credit": "Made with Blockbench",
	"parent": "block/door_bottom",
	"textures": {
		"1": "block/acacia_door_lower_m",
		"particle": "block/acacia_door_lower_m",
		"bottom": "block/acacia_door_lower"
	},
	"elements": [
		{
			"from": [0, 0, 2],
			"to": [3, 2, 14],
			"rotation": {"angle": 0, "axis": "y", "origin": [8, 8, 10]},
			"faces": {
				"north": {"uv": [0, 0, 0, 0], "texture": "#bottom"},
				"east": {"uv": [2, 14, 14, 16], "texture": "#1"},
				"west": {"uv": [2, 14, 14, 16], "texture": "#bottom"},
				"down": {"uv": [13, 2, 16, 14], "texture": "#bottom"}
			}
		},
		{
			"from": [0, 0, 0],
			"to": [3, 16, 2],
			"faces": {
				"north": {"uv": [3, 0, 0, 16], "texture": "#bottom"},
				"east": {"uv": [14, 0, 16, 16], "texture": "#1"},
				"west": {"uv": [0, 0, 2, 16], "texture": "#bottom"},
				"down": {"uv": [13, 14, 16, 16], "texture": "#bottom"}
			}
		},
		{
			"from": [0, 0, 14],
			"to": [3, 16, 16],
			"rotation": {"angle": 0, "axis": "y", "origin": [8, 8, 22]},
			"faces": {
				"east": {"uv": [0, 0, 2, 16], "texture": "#1"},
				"south": {"uv": [0, 0, 3, 16], "texture": "#bottom"},
				"west": {"uv": [14, 0, 16, 16], "texture": "#bottom"},
				"down": {"uv": [13, 0, 16, 2], "texture": "#bottom"}
			}
		},
		{
			"from": [8, -6, 2],
			"to": [8, -5, 14],
			"rotation": {"angle": -45, "axis": "z", "origin": [16, 2, 10], "rescale": true},
			"faces": {
				"north": {"uv": [0, 0, 0, 1], "texture": "#bottom"},
				"south": {"uv": [0, 0, 0, 1], "texture": "#missing"},
				"west": {"uv": [2, 13, 14, 14], "texture": "#bottom"},
				"up": {"uv": [0, 0, 0, 12], "texture": "#missing"},
				"down": {"uv": [0, 0, 0, 12], "texture": "#missing"}
			}
		},
		{
			"from": [-7, 23, 2],
			"to": [-7, 24, 14],
			"rotation": {"angle": 45, "axis": "z", "origin": [1, 31, 10], "rescale": true},
			"faces": {
				"north": {"uv": [0, 0, 0, 1], "texture": "#bottom"},
				"south": {"uv": [0, 0, 0, 1], "texture": "#missing"},
				"west": {"uv": [2, 0, 14, 1], "texture": "#bottom"},
				"up": {"uv": [0, 0, 0, 12], "texture": "#missing"},
				"down": {"uv": [0, 0, 0, 12], "texture": "#missing"}
			}
		},
		{
			"from": [-7, 2, 16],
			"to": [-7, 16, 17],
			"rotation": {"angle": -45, "axis": "y", "origin": [0, 13, 24], "rescale": true},
			"faces": {
				"north": {"uv": [0, 0, 0, 14], "texture": "#missing"},
				"south": {"uv": [0, 0, 0, 14], "texture": "#missing"},
				"west": {"uv": [9, 0, 10, 14], "texture": "#bottom"},
				"up": {"uv": [0, 0, 0, 1], "texture": "#missing"},
				"down": {"uv": [0, 0, 0, 1], "texture": "#missing"}
			}
		},
		{
			"from": [-7, 2, 12],
			"to": [-7, 16, 13],
			"rotation": {"angle": -45, "axis": "y", "origin": [0, 13, 20], "rescale": true},
			"faces": {
				"north": {"uv": [0, 0, 0, 14], "texture": "#missing"},
				"south": {"uv": [0, 0, 0, 14], "texture": "#missing"},
				"west": {"uv": [5, 0, 6, 14], "texture": "#bottom"},
				"up": {"uv": [0, 0, 0, 1], "texture": "#missing"},
				"down": {"uv": [0, 0, 0, 1], "texture": "#missing"}
			}
		},
		{
			"from": [0, 2, 2],
			"to": [1, 16, 2],
			"rotation": {"angle": -45, "axis": "y", "origin": [0, 2, 2], "rescale": true},
			"faces": {
				"east": {"uv": [0, 0, 0, 14], "texture": "#missing"},
				"south": {"uv": [2, 0, 3, 14], "texture": "#bottom"},
				"west": {"uv": [0, 0, 0, 14], "texture": "#missing"},
				"up": {"uv": [0, 0, 0, 1], "rotation": 270, "texture": "#missing"},
				"down": {"uv": [0, 0, 0, 1], "rotation": 90, "texture": "#missing"}
			}
		},
		{
			"from": [0, 2, 6],
			"to": [1, 16, 6],
			"rotation": {"angle": -45, "axis": "y", "origin": [0, 2, 6], "rescale": true},
			"faces": {
				"east": {"uv": [0, 0, 0, 14], "texture": "#missing"},
				"south": {"uv": [6, 0, 7, 14], "texture": "#bottom"},
				"west": {"uv": [0, 0, 0, 14], "texture": "#missing"},
				"up": {"uv": [0, 0, 0, 1], "rotation": 270, "texture": "#missing"},
				"down": {"uv": [0, 0, 0, 1], "rotation": 90, "texture": "#missing"}
			}
		},
		{
			"from": [0, 2, 10],
			"to": [1, 16, 10],
			"rotation": {"angle": -45, "axis": "y", "origin": [0, 2, 10], "rescale": true},
			"faces": {
				"east": {"uv": [0, 0, 0, 14], "texture": "#missing"},
				"south": {"uv": [10, 0, 11, 14], "texture": "#bottom"},
				"west": {"uv": [0, 0, 0, 14], "texture": "#missing"},
				"up": {"uv": [0, 0, 0, 1], "rotation": 270, "texture": "#missing"},
				"down": {"uv": [0, 0, 0, 1], "rotation": 90, "texture": "#missing"}
			}
		},
		{
			"from": [-7, 2, 20],
			"to": [-7, 16, 21],
			"rotation": {"angle": -45, "axis": "y", "origin": [0, 13, 28], "rescale": true},
			"faces": {
				"north": {"uv": [0, 0, 0, 14], "texture": "#missing"},
				"south": {"uv": [0, 0, 0, 14], "texture": "#missing"},
				"west": {"uv": [13, 0, 14, 14], "texture": "#bottom"},
				"up": {"uv": [0, 0, 0, 1], "texture": "#missing"},
				"down": {"uv": [0, 0, 0, 1], "texture": "#missing"}
			}
		},
		{
			"from": [10, 2, -5],
			"to": [11, 16, -5],
			"rotation": {"angle": 45, "axis": "y", "origin": [18, 10, 3], "rescale": true},
			"faces": {
				"east": {"uv": [0, 0, 0, 14], "texture": "#missing"},
				"south": {"uv": [13, 0, 14, 14], "texture": "#1"},
				"west": {"uv": [0, 0, 0, 14], "texture": "#missing"},
				"up": {"uv": [0, 0, 1, 0], "texture": "#missing"},
				"down": {"uv": [0, 0, 1, 0], "texture": "#missing"}
			}
		},
		{
			"from": [10, -5, 2],
			"to": [11, -5, 14],
			"rotation": {"angle": -45, "axis": "z", "origin": [18, 3, 10], "rescale": true},
			"faces": {
				"north": {"uv": [0, 0, 1, 0], "texture": "#missing"},
				"east": {"uv": [0, 0, 12, 0], "texture": "#missing"},
				"south": {"uv": [0, 0, 1, 0], "texture": "#missing"},
				"west": {"uv": [0, 0, 12, 0], "texture": "#missing"},
				"up": {"uv": [2, 13, 14, 14], "rotation": 90, "texture": "#1"}
			}
		},
		{
			"from": [10, 2, 1],
			"to": [10, 16, 2],
			"rotation": {"angle": 45, "axis": "y", "origin": [18, 10, 9], "rescale": true},
			"faces": {
				"north": {"uv": [0, 0, 0, 14], "texture": "#missing"},
				"east": {"uv": [6, 0, 7, 14], "texture": "#1"},
				"south": {"uv": [0, 0, 0, 14], "texture": "#missing"},
				"up": {"uv": [0, 0, 0, 1], "texture": "#missing"},
				"down": {"uv": [0, 0, 0, 1], "texture": "#missing"}
			}
		},
		{
			"from": [10, 2, -3],
			"to": [10, 16, -2],
			"rotation": {"angle": 45, "axis": "y", "origin": [18, 10, 5], "rescale": true},
			"faces": {
				"north": {"uv": [0, 0, 0, 14], "texture": "#missing"},
				"east": {"uv": [10, 0, 11, 14], "texture": "#1"},
				"south": {"uv": [0, 0, 0, 14], "texture": "#missing"},
				"up": {"uv": [0, 0, 0, 1], "texture": "#missing"},
				"down": {"uv": [0, 0, 0, 1], "texture": "#missing"}
			}
		},
		{
			"from": [10, 2, 3],
			"to": [11, 16, 3],
			"rotation": {"angle": 45, "axis": "y", "origin": [18, 10, 11], "rescale": true},
			"faces": {
				"east": {"uv": [0, 0, 0, 14], "texture": "#missing"},
				"south": {"uv": [5, 0, 6, 14], "texture": "#1"},
				"west": {"uv": [0, 0, 0, 14], "texture": "#missing"},
				"up": {"uv": [0, 0, 1, 0], "texture": "#missing"},
				"down": {"uv": [0, 0, 1, 0], "texture": "#missing"}
			}
		},
		{
			"from": [10, 2, -1],
			"to": [11, 16, -1],
			"rotation": {"angle": 45, "axis": "y", "origin": [18, 10, 7], "rescale": true},
			"faces": {
				"east": {"uv": [0, 0, 0, 14], "texture": "#missing"},
				"south": {"uv": [9, 0, 10, 14], "texture": "#1"},
				"west": {"uv": [0, 0, 0, 14], "texture": "#missing"},
				"up": {"uv": [0, 0, 1, 0], "texture": "#missing"},
				"down": {"uv": [0, 0, 1, 0], "texture": "#missing"}
			}
		},
		{
			"from": [10, 2, 5],
			"to": [10, 16, 6],
			"rotation": {"angle": 45, "axis": "y", "origin": [18, 10, 13], "rescale": true},
			"faces": {
				"north": {"uv": [0, 0, 0, 14], "texture": "#missing"},
				"east": {"uv": [2, 0, 3, 14], "texture": "#1"},
				"south": {"uv": [0, 0, 0, 14], "texture": "#missing"},
				"up": {"uv": [0, 0, 0, 1], "texture": "#missing"},
				"down": {"uv": [0, 0, 0, 1], "texture": "#missing"}
			}
		},
		{
			"from": [10, 7, 2],
			"to": [10, 8, 14],
			"rotation": {"angle": -45, "axis": "z", "origin": [18, 15, 10], "rescale": true},
			"faces": {
				"north": {"uv": [0, 0, 0, 1], "texture": "#missing"},
				"east": {"uv": [2, 0, 14, 1], "texture": "#1"},
				"south": {"uv": [0, 0, 0, 1], "texture": "#missing"},
				"up": {"uv": [0, 0, 0, 12], "texture": "#missing"},
				"down": {"uv": [0, 0, 0, 12], "texture": "#missing"}
			}
		},
		{
			"from": [1, 3, 3],
			"to": [2, 3, 13],
			"rotation": {"angle": 0, "axis": "y", "origin": [9, 11, 11]},
			"faces": {
				"north": {"uv": [0, 0, 1, 0], "texture": "#missing"},
				"east": {"uv": [0, 0, 10, 0], "texture": "#missing"},
				"south": {"uv": [0, 0, 1, 0], "texture": "#missing"},
				"west": {"uv": [0, 0, 10, 0], "texture": "#missing"},
				"up": {"uv": [3, 13, 13, 14], "rotation": 90, "texture": "#bottom"}
			}
		},
		{
			"from": [1, 15, 3],
			"to": [2, 15, 13],
			"rotation": {"angle": 0, "axis": "y", "origin": [9, 23, 11]},
			"faces": {
				"north": {"uv": [0, 0, 1, 0], "texture": "#missing"},
				"east": {"uv": [0, 0, 10, 0], "texture": "#missing"},
				"south": {"uv": [0, 0, 1, 0], "texture": "#missing"},
				"west": {"uv": [0, 0, 10, 0], "texture": "#missing"},
				"down": {"uv": [3, 0, 13, 1], "rotation": 270, "texture": "#bottom"}
			}
		},
		{
			"from": [1, 3, 3],
			"to": [2, 15, 3],
			"rotation": {"angle": 0, "axis": "y", "origin": [9, 11, 11]},
			"faces": {
				"east": {"uv": [0, 0, 0, 12], "texture": "#missing"},
				"south": {"uv": [2, 1, 3, 13], "texture": "#bottom"},
				"west": {"uv": [0, 0, 0, 12], "texture": "#missing"},
				"up": {"uv": [0, 0, 1, 0], "texture": "#missing"},
				"down": {"uv": [0, 0, 1, 0], "texture": "#missing"}
			}
		},
		{
			"from": [1, 3, 5],
			"to": [2, 15, 7],
			"rotation": {"angle": 0, "axis": "y", "origin": [9, 11, 15]},
			"faces": {
				"north": {"uv": [5, 1, 6, 13], "texture": "#bottom"},
				"south": {"uv": [6, 1, 7, 13], "texture": "#bottom"}
			}
		},
		{
			"from": [1, 3, 9],
			"to": [2, 15, 11],
			"rotation": {"angle": 0, "axis": "y", "origin": [9, 11, 19]},
			"faces": {
				"north": {"uv": [9, 1, 10, 13], "texture": "#bottom"},
				"south": {"uv": [10, 1, 11, 13], "texture": "#bottom"}
			}
		},
		{
			"from": [1, 3, 13],
			"to": [2, 15, 13],
			"rotation": {"angle": 0, "axis": "y", "origin": [9, 11, 23]},
			"faces": {
				"north": {"uv": [13, 1, 14, 13], "texture": "#bottom"}
			}
		},
		{
			"from": [-0.5, 15, 14],
			"to": [3.5, 16, 15],
			"rotation": {"angle": 0, "axis": "y", "origin": [8, 23, 22]},
			"faces": {
				"north": {"uv": [14, 0, 15, 1], "texture": "#bottom"},
				"east": {"uv": [14, 0, 15, 1], "texture": "#bottom"},
				"south": {"uv": [14, 0, 15, 1], "texture": "#bottom"},
				"west": {"uv": [14, 0, 15, 1], "texture": "#bottom"},
				"up": {"uv": [14, 0, 15, 1], "texture": "#bottom"},
				"down": {"uv": [14, 0, 15, 1], "texture": "#bottom"}
			}
		}
	],
	"groups": [
		{
			"name": "group",
			"origin": [8, 8, 10],
			"children": [0, 1, 2, 3, 4, 5, 6, 7, 8, 9, 10]
		},
		{
			"name": "group",
			"origin": [8, 8, 8],
			"children": [11, 12, 13, 14, 15, 16, 17, 18]
		}, 19, 20, 21, 22, 23, 24, 25]
}