{
	"credit": "Made with Blockbench",
	"textures": {
		"3": "block/cake_inner",
		"bottom": "block/cake_bottom",
		"top": "block/cake_top",
		"side": "block/cake_side",
		"particle": "block/cake_side"
	},
	"elements": [
		{
			"from": [11, 0, 1],
			"to": [15, 8, 15],
			"faces": {
				"north": {"uv": [1, 8, 5, 16], "texture": "#side"},
				"east": {"uv": [1, 8, 15, 16], "texture": "#side"},
				"south": {"uv": [11, 8, 15, 16], "texture": "#side"},
				"west": {"uv": [1, 8, 15, 16], "texture": "#3"},
				"up": {"uv": [11, 1, 15, 15], "texture": "#top"},
				"down": {"uv": [11, 1, 15, 15], "texture": "#bottom", "cullface": "down"}
			}
		},
		{
			"from": [11, 8, 5],
			"to": [12, 8.5, 6],
			"rotation": {"angle": 0, "axis": "y", "origin": [20, 16, 13]},
			"faces": {
				"north": {"uv": [11, 5, 12, 6], "rotation": 180, "texture": "#top"},
				"east": {"uv": [11, 5, 12, 6], "rotation": 90, "texture": "#top"},
				"south": {"uv": [11, 5, 12, 6], "texture": "#top"},
				"west": {"uv": [11, 5, 12, 6], "rotation": 270, "texture": "#top"},
				"up": {"uv": [11, 5, 12, 6], "texture": "#top"}
			}
		},
		{
			"from": [11, 8, 2],
			"to": [12, 8.5, 3],
			"rotation": {"angle": 0, "axis": "y", "origin": [20, 16, 10]},
			"faces": {
				"north": {"uv": [11, 2, 12, 3], "rotation": 180, "texture": "#top"},
				"east": {"uv": [11, 2, 12, 3], "rotation": 90, "texture": "#top"},
				"south": {"uv": [11, 2, 12, 3], "texture": "#top"},
				"west": {"uv": [11, 2, 12, 3], "rotation": 270, "texture": "#top"},
				"up": {"uv": [11, 2, 12, 3], "texture": "#top"}
			}
		},
		{
			"from": [13, 8, 9],
			"to": [14, 8.5, 10],
			"rotation": {"angle": 0, "axis": "y", "origin": [22, 16, 17]},
			"faces": {
				"north": {"uv": [13, 9, 14, 10], "rotation": 180, "texture": "#top"},
				"east": {"uv": [13, 9, 14, 10], "rotation": 90, "texture": "#top"},
				"south": {"uv": [13, 9, 14, 10], "texture": "#top"},
				"west": {"uv": [13, 9, 14, 10], "rotation": 270, "texture": "#top"},
				"up": {"uv": [13, 9, 14, 10], "texture": "#top"}
			}
		}
	]
}