{
	"credit": "Made with Blockbench",
	"textures": {
		"3": "block/cake_inner",
		"bottom": "block/cake_bottom",
		"top": "block/cake_top",
		"side": "block/cake_side",
		"particle": "block/cake_side"
	},
	"elements": [
		{
			"from": [3, 0, 1],
			"to": [15, 8, 15],
			"faces": {
				"north": {"uv": [1, 8, 13, 16], "texture": "#side"},
				"east": {"uv": [1, 8, 15, 16], "texture": "#side"},
				"south": {"uv": [3, 8, 15, 16], "texture": "#side"},
				"west": {"uv": [1, 8, 15, 16], "texture": "#3"},
				"up": {"uv": [3, 1, 15, 15], "texture": "#top"},
				"down": {"uv": [3, 1, 15, 15], "texture": "#bottom", "cullface": "down"}
			}
		},
		{
			"from": [7, 8, 7],
			"to": [9, 9.5, 9],
			"rotation": {"angle": 0, "axis": "y", "origin": [16, 16, 15]},
			"faces": {
				"north": {"uv": [7, 6, 9, 7], "rotation": 180, "texture": "#top"},
				"east": {"uv": [9, 7, 10, 9], "rotation": 90, "texture": "#top"},
				"south": {"uv": [7, 9, 9, 10], "texture": "#top"},
				"west": {"uv": [6, 7, 7, 9], "rotation": 270, "texture": "#top"},
				"up": {"uv": [7, 7, 9, 9], "texture": "#top"}
			}
		},
		{
			"from": [4, 8, 3],
			"to": [6, 9, 5],
			"rotation": {"angle": 0, "axis": "y", "origin": [13, 16, 11]},
			"faces": {
				"north": {"uv": [4, 3, 6, 4], "rotation": 180, "texture": "#top"},
				"east": {"uv": [5, 3, 6, 5], "rotation": 90, "texture": "#top"},
				"south": {"uv": [4, 4, 6, 5], "texture": "#top"},
				"west": {"uv": [4, 3, 5, 5], "rotation": 270, "texture": "#top"},
				"up": {"uv": [4, 3, 6, 5], "texture": "#top"}
			}
		},
		{
			"from": [11, 8, 5],
			"to": [12, 8.5, 6],
			"rotation": {"angle": 0, "axis": "y", "origin": [20, 16, 13]},
			"faces": {
				"north": {"uv": [11, 5, 12, 6], "rotation": 180, "texture": "#top"},
				"east": {"uv": [11, 5, 12, 6], "rotation": 90, "texture": "#top"},
				"south": {"uv": [11, 5, 12, 6], "texture": "#top"},
				"west": {"uv": [11, 5, 12, 6], "rotation": 270, "texture": "#top"},
				"up": {"uv": [11, 5, 12, 6], "texture": "#top"}
			}
		},
		{
			"from": [11, 8, 2],
			"to": [12, 8.5, 3],
			"rotation": {"angle": 0, "axis": "y", "origin": [20, 16, 10]},
			"faces": {
				"north": {"uv": [11, 2, 12, 3], "rotation": 180, "texture": "#top"},
				"east": {"uv": [11, 2, 12, 3], "rotation": 90, "texture": "#top"},
				"south": {"uv": [11, 2, 12, 3], "texture": "#top"},
				"west": {"uv": [11, 2, 12, 3], "rotation": 270, "texture": "#top"},
				"up": {"uv": [11, 2, 12, 3], "texture": "#top"}
			}
		},
		{
			"from": [13, 8, 9],
			"to": [14, 8.5, 10],
			"rotation": {"angle": 0, "axis": "y", "origin": [22, 16, 17]},
			"faces": {
				"north": {"uv": [13, 9, 14, 10], "rotation": 180, "texture": "#top"},
				"east": {"uv": [13, 9, 14, 10], "rotation": 90, "texture": "#top"},
				"south": {"uv": [13, 9, 14, 10], "texture": "#top"},
				"west": {"uv": [13, 9, 14, 10], "rotation": 270, "texture": "#top"},
				"up": {"uv": [13, 9, 14, 10], "texture": "#top"}
			}
		},
		{
			"from": [10, 8, 12],
			"to": [11, 8.5, 13],
			"rotation": {"angle": 0, "axis": "y", "origin": [19, 16, 20]},
			"faces": {
				"north": {"uv": [10, 12, 11, 13], "rotation": 180, "texture": "#top"},
				"east": {"uv": [10, 12, 11, 13], "rotation": 90, "texture": "#top"},
				"south": {"uv": [10, 12, 11, 13], "texture": "#top"},
				"west": {"uv": [10, 12, 11, 13], "rotation": 270, "texture": "#top"},
				"up": {"uv": [10, 12, 11, 13], "texture": "#top"}
			}
		},
		{
			"from": [3, 8, 11],
			"to": [5, 9, 13],
			"rotation": {"angle": 0, "axis": "y", "origin": [12, 16, 19]},
			"faces": {
				"north": {"uv": [3, 11, 5, 12], "rotation": 180, "texture": "#top"},
				"east": {"uv": [4, 11, 5, 13], "rotation": 90, "texture": "#top"},
				"south": {"uv": [3, 12, 5, 13], "texture": "#top"},
				"west": {"uv": [3, 11, 4, 13], "rotation": 270, "texture": "#top"},
				"up": {"uv": [3, 11, 5, 13], "texture": "#top"}
			}
		},
		{
			"from": [6, 8, 7],
			"to": [10, 9, 9],
			"rotation": {"angle": 0, "axis": "y", "origin": [15, 16, 15]},
			"faces": {
				"north": {"uv": [6, 7, 10, 8], "rotation": 180, "texture": "#top"},
				"east": {"uv": [9, 7, 10, 9], "rotation": 90, "texture": "#top"},
				"south": {"uv": [6, 8, 10, 9], "texture": "#top"},
				"west": {"uv": [6, 7, 7, 9], "rotation": 270, "texture": "#top"},
				"up": {"uv": [6, 7, 10, 9], "texture": "#top"}
			}
		},
		{
			"from": [7, 8, 6],
			"to": [9, 9, 10],
			"rotation": {"angle": 0, "axis": "y", "origin": [15, 16, 15]},
			"faces": {
				"north": {"uv": [7, 6, 9, 7], "rotation": 180, "texture": "#top"},
				"east": {"uv": [8, 6, 9, 10], "rotation": 90, "texture": "#top"},
				"south": {"uv": [7, 9, 9, 10], "texture": "#top"},
				"west": {"uv": [7, 6, 8, 10], "rotation": 270, "texture": "#top"},
				"up": {"uv": [7, 6, 9, 10], "texture": "#top"}
			}
		}
	]
}