{
	"credit": "Made with Blockbench",
	"parent": "block/door_top",
	"textures": {
		"2": "block/dark_oak_door_upper_m",
		"top": "block/dark_oak_door_upper",
		"particle": "block/dark_oak_door_upper",
		"bottom": "block/dark_oak_door_lower"
	},
	"elements": [
		{
			"from": [0, 0, 0],
			"to": [3, 16, 2],
			"faces": {
				"north": {"uv": [13, 0, 16, 16], "texture": "#2"},
				"east": {"uv": [14, 0, 16, 16], "texture": "#2"},
				"west": {"uv": [0, 0, 2, 16], "texture": "#top"},
				"up": {"uv": [13, 0, 16, 2], "texture": "#bottom"}
			}
		},
		{
			"from": [0, 0, 14],
			"to": [3, 16, 16],
			"rotation": {"angle": 0, "axis": "y", "origin": [8, 8, 22]},
			"faces": {
				"east": {"uv": [0, 0, 2, 16], "texture": "#2"},
				"south": {"uv": [0, 0, 3, 16], "texture": "#top"},
				"west": {"uv": [14, 0, 16, 16], "texture": "#top"},
				"up": {"uv": [13, 14, 16, 16], "texture": "#bottom"}
			}
		},
		{
			"from": [0, 0, 2],
			"to": [3, 1, 14],
			"rotation": {"angle": 0, "axis": "y", "origin": [8, 8, 10]},
			"faces": {
				"east": {"uv": [2, 15, 14, 16], "texture": "#2"},
				"west": {"uv": [2, 15, 14, 16], "texture": "#top"}
			}
		},
		{
			"from": [0, 14, 2],
			"to": [3, 16, 14],
			"rotation": {"angle": 0, "axis": "y", "origin": [8, 22, 10]},
			"faces": {
				"east": {"uv": [2, 0, 14, 2], "texture": "#2"},
				"west": {"uv": [2, 0, 14, 2], "texture": "#top"},
				"up": {"uv": [13, 2, 16, 14], "texture": "#bottom"}
			}
		},
		{
			"from": [1, 2, 3],
			"to": [1, 13, 13],
			"rotation": {"angle": 0, "axis": "y", "origin": [8, 8, 18]},
			"faces": {
				"north": {"uv": [0, 0, 0, 2], "texture": "#missing"},
				"south": {"uv": [0, 0, 0, 2], "texture": "#missing"},
				"west": {"uv": [3, 3, 13, 14], "texture": "#top"},
				"up": {"uv": [0, 0, 0, 4], "texture": "#missing"},
				"down": {"uv": [0, 0, 0, 4], "texture": "#missing"}
			}
		},
		{
			"from": [1, 13, 2],
			"to": [1, 14, 14],
			"rotation": {"angle": 45, "axis": "z", "origin": [1, 13, 2], "rescale": true},
			"faces": {
				"north": {"uv": [0, 0, 0, 1], "texture": "#missing"},
				"south": {"uv": [0, 0, 0, 1], "texture": "#missing"},
				"west": {"uv": [2, 2, 14, 3], "texture": "#top"},
				"up": {"uv": [0, 0, 0, 12], "texture": "#missing"},
				"down": {"uv": [0, 0, 0, 12], "texture": "#missing"}
			}
		},
		{
			"from": [0, 1, 2],
			"to": [0, 2, 14],
			"rotation": {"angle": -45, "axis": "z", "origin": [0, 1, 2], "rescale": true},
			"faces": {
				"north": {"uv": [0, 0, 0, 1], "texture": "#missing"},
				"south": {"uv": [0, 0, 0, 1], "texture": "#missing"},
				"west": {"uv": [2, 14, 14, 15], "texture": "#top"},
				"up": {"uv": [0, 0, 0, 12], "texture": "#missing"},
				"down": {"uv": [0, 0, 0, 12], "texture": "#missing"}
			}
		},
		{
			"from": [1, 1, 6],
			"to": [1, 14, 7],
			"rotation": {"angle": -45, "axis": "y", "origin": [1, 0, 6], "rescale": true},
			"faces": {
				"north": {"uv": [0, 0, 0, 14], "texture": "#missing"},
				"south": {"uv": [0, 0, 0, 14], "texture": "#missing"},
				"west": {"uv": [6, 2, 7, 15], "texture": "#top"},
				"up": {"uv": [0, 0, 0, 1], "texture": "#missing"},
				"down": {"uv": [0, 0, 0, 1], "texture": "#missing"}
			}
		},
		{
			"from": [1, 0, 13],
			"to": [1, 14, 14],
			"rotation": {"angle": -45, "axis": "y", "origin": [1, 4, 13], "rescale": true},
			"faces": {
				"north": {"uv": [0, 0, 0, 14], "texture": "#missing"},
				"south": {"uv": [0, 0, 0, 14], "texture": "#missing"},
				"west": {"uv": [13, 2, 14, 16], "texture": "#top"},
				"up": {"uv": [0, 0, 0, 1], "texture": "#missing"},
				"down": {"uv": [0, 0, 0, 1], "texture": "#missing"}
			}
		},
		{
			"from": [0, 1, 9],
			"to": [0, 14, 10],
			"rotation": {"angle": 45, "axis": "y", "origin": [0, 0, 9], "rescale": true},
			"faces": {
				"north": {"uv": [0, 0, 0, 14], "texture": "#missing"},
				"south": {"uv": [0, 0, 0, 14], "texture": "#missing"},
				"west": {"uv": [9, 2, 10, 15], "texture": "#top"},
				"up": {"uv": [0, 0, 0, 1], "texture": "#missing"},
				"down": {"uv": [0, 0, 0, 1], "texture": "#missing"}
			}
		},
		{
			"from": [0, 0, 2],
			"to": [0, 14, 3],
			"rotation": {"angle": 45, "axis": "y", "origin": [0, 4, 2], "rescale": true},
			"faces": {
				"north": {"uv": [0, 0, 0, 14], "texture": "#missing"},
				"south": {"uv": [0, 0, 0, 14], "texture": "#missing"},
				"west": {"uv": [2, 2, 3, 16], "texture": "#top"},
				"up": {"uv": [0, 0, 0, 1], "texture": "#missing"},
				"down": {"uv": [0, 0, 0, 1], "texture": "#missing"}
			}
		},
		{
			"from": [2, 2, 3],
			"to": [2, 13, 13],
			"rotation": {"angle": 0, "axis": "y", "origin": [-5, 9, 12]},
			"faces": {
				"north": {"uv": [0, 0, 0, 2], "texture": "#missing"},
				"east": {"uv": [3, 3, 13, 14], "texture": "#2"},
				"south": {"uv": [0, 0, 0, 2], "texture": "#missing"},
				"up": {"uv": [0, 0, 0, 4], "texture": "#missing"},
				"down": {"uv": [0, 0, 0, 4], "texture": "#missing"}
			}
		},
		{
			"from": [2, 13, 2],
			"to": [2, 14, 14],
			"rotation": {"angle": -45, "axis": "z", "origin": [2, 13, 2], "rescale": true},
			"faces": {
				"north": {"uv": [0, 0, 0, 1], "texture": "#missing"},
				"east": {"uv": [2, 2, 14, 3], "texture": "#2"},
				"south": {"uv": [0, 0, 0, 1], "texture": "#missing"},
				"up": {"uv": [0, 0, 0, 12], "texture": "#missing"},
				"down": {"uv": [0, 0, 0, 12], "texture": "#missing"}
			}
		},
		{
			"from": [3, 1, 2],
			"to": [3, 2, 14],
			"rotation": {"angle": 45, "axis": "z", "origin": [3, 1, 2], "rescale": true},
			"faces": {
				"north": {"uv": [0, 0, 0, 1], "texture": "#missing"},
				"east": {"uv": [2, 14, 14, 15], "texture": "#2"},
				"south": {"uv": [0, 0, 0, 1], "texture": "#missing"},
				"up": {"uv": [0, 0, 0, 12], "texture": "#missing"},
				"down": {"uv": [0, 0, 0, 12], "texture": "#missing"}
			}
		},
		{
			"from": [2, 1, 6],
			"to": [2, 14, 7],
			"rotation": {"angle": 45, "axis": "y", "origin": [2, 0, 6], "rescale": true},
			"faces": {
				"north": {"uv": [0, 0, 0, 14], "texture": "#missing"},
				"east": {"uv": [9, 2, 10, 15], "texture": "#2"},
				"south": {"uv": [0, 0, 0, 14], "texture": "#missing"},
				"up": {"uv": [0, 0, 0, 1], "texture": "#missing"},
				"down": {"uv": [0, 0, 0, 1], "texture": "#missing"}
			}
		},
		{
			"from": [2, 0, 13],
			"to": [2, 14, 14],
			"rotation": {"angle": 45, "axis": "y", "origin": [2, 4, 13], "rescale": true},
			"faces": {
				"north": {"uv": [0, 0, 0, 14], "texture": "#missing"},
				"east": {"uv": [2, 2, 3, 16], "texture": "#2"},
				"south": {"uv": [0, 0, 0, 14], "texture": "#missing"},
				"up": {"uv": [0, 0, 0, 1], "texture": "#missing"},
				"down": {"uv": [0, 0, 0, 1], "texture": "#missing"}
			}
		},
		{
			"from": [3, 1, 9],
			"to": [3, 14, 10],
			"rotation": {"angle": -45, "axis": "y", "origin": [3, 0, 9], "rescale": true},
			"faces": {
				"north": {"uv": [0, 0, 0, 14], "texture": "#missing"},
				"east": {"uv": [6, 2, 7, 15], "texture": "#2"},
				"south": {"uv": [0, 0, 0, 14], "texture": "#missing"},
				"up": {"uv": [0, 0, 0, 1], "texture": "#missing"},
				"down": {"uv": [0, 0, 0, 1], "texture": "#missing"}
			}
		},
		{
			"from": [3, 0, 2],
			"to": [3, 14, 3],
			"rotation": {"angle": -45, "axis": "y", "origin": [3, 4, 2], "rescale": true},
			"faces": {
				"north": {"uv": [0, 0, 0, 14], "texture": "#missing"},
				"east": {"uv": [13, 2, 14, 16], "texture": "#2"},
				"south": {"uv": [0, 0, 0, 14], "texture": "#missing"},
				"up": {"uv": [0, 0, 0, 1], "texture": "#missing"},
				"down": {"uv": [0, 0, 0, 1], "texture": "#missing"}
			}
		},
		{
			"from": [0, 1, 7],
			"to": [3, 14, 9],
			"rotation": {"angle": 0, "axis": "y", "origin": [8, 9, 15]},
			"faces": {
				"east": {"uv": [7, 2, 9, 15], "texture": "#2"},
				"west": {"uv": [7, 2, 9, 15], "texture": "#top"}
			}
		},
		{
			"from": [-0.5, 0, 11],
			"to": [3.5, 1, 14],
			"rotation": {"angle": 0, "axis": "y", "origin": [8, 8, 20]},
			"faces": {
				"north": {"uv": [11, 15, 12, 16], "texture": "#top"},
				"east": {"uv": [2, 15, 5, 16], "texture": "#2"},
				"south": {"uv": [13, 15, 14, 16], "texture": "#top"},
				"west": {"uv": [11, 15, 14, 16], "texture": "#top"},
				"up": {"uv": [11, 15, 14, 16], "rotation": 90, "texture": "#top"},
				"down": {"uv": [11, 15, 14, 16], "rotation": 270, "texture": "#top"}
			}
		}
	],
	"groups": [
		{
			"name": "group",
			"origin": [8, 8, 8],
			"children": [0, 1, 2, 3, 4, 5, 6, 7, 8, 9, 10, 11, 12, 13, 14, 15, 16, 17, 18]
		}, 19]
}