{
	"credit": "Made with Blockbench",
	"parent": "block/door_top",
	"textures": {
		"2": "block/iron_door_upper_m",
		"top": "block/iron_door_upper",
		"particle": "block/iron_door_upper",
		"bottom": "block/iron_door_lower"
	},
	"elements": [
		{
			"from": [0, 0, 0],
			"to": [3, 16, 2],
			"faces": {
				"north": {"uv": [13, 0, 16, 16], "texture": "#2"},
				"east": {"uv": [14, 0, 16, 16], "texture": "#2"},
				"west": {"uv": [0, 0, 2, 16], "texture": "#top"},
				"up": {"uv": [13, 0, 16, 2], "texture": "#bottom"}
			}
		},
		{
			"from": [0, 0, 14],
			"to": [3, 16, 16],
			"rotation": {"angle": 0, "axis": "y", "origin": [8, 8, 22]},
			"faces": {
				"east": {"uv": [0, 0, 2, 16], "texture": "#2"},
				"south": {"uv": [0, 0, 3, 16], "texture": "#top"},
				"west": {"uv": [14, 0, 16, 16], "texture": "#top"},
				"up": {"uv": [13, 14, 16, 16], "texture": "#bottom"}
			}
		},
		{
			"from": [0, 3, 2],
			"to": [3, 4, 14],
			"rotation": {"angle": 0, "axis": "y", "origin": [8, 11, 10]},
			"faces": {
				"east": {"uv": [2, 12, 14, 13], "texture": "#2"},
				"west": {"uv": [2, 12, 14, 13], "texture": "#top"}
			}
		},
		{
			"from": [0, 14, 2],
			"to": [3, 16, 14],
			"rotation": {"angle": 0, "axis": "y", "origin": [8, 22, 10]},
			"faces": {
				"east": {"uv": [2, 0, 14, 2], "texture": "#2"},
				"west": {"uv": [2, 0, 14, 2], "texture": "#top"},
				"up": {"uv": [13, 2, 16, 14], "texture": "#bottom"}
			}
		},
		{
			"from": [1, 0, 9],
			"to": [1, 2, 13],
			"rotation": {"angle": 0, "axis": "y", "origin": [8, 8, 18]},
			"faces": {
				"north": {"uv": [0, 0, 0, 2], "texture": "#missing"},
				"south": {"uv": [0, 0, 0, 2], "texture": "#missing"},
				"west": {"uv": [9, 14, 13, 16], "texture": "#top"},
				"up": {"uv": [0, 0, 0, 4], "texture": "#missing"},
				"down": {"uv": [0, 0, 0, 4], "texture": "#missing"}
			}
		},
		{
			"from": [1, 0, 3],
			"to": [1, 2, 7],
			"rotation": {"angle": 0, "axis": "y", "origin": [8, 8, 12]},
			"faces": {
				"north": {"uv": [0, 0, 0, 2], "texture": "#missing"},
				"south": {"uv": [0, 0, 0, 2], "texture": "#missing"},
				"west": {"uv": [3, 14, 7, 16], "texture": "#top"},
				"up": {"uv": [0, 0, 0, 4], "texture": "#missing"},
				"down": {"uv": [0, 0, 0, 4], "texture": "#missing"}
			}
		},
		{
			"from": [1, 13, 2],
			"to": [1, 14, 14],
			"rotation": {"angle": 45, "axis": "z", "origin": [1, 13, 2], "rescale": true},
			"faces": {
				"north": {"uv": [0, 0, 0, 1], "texture": "#missing"},
				"south": {"uv": [0, 0, 0, 1], "texture": "#missing"},
				"west": {"uv": [2, 2, 14, 3], "texture": "#top"},
				"up": {"uv": [0, 0, 0, 12], "texture": "#missing"},
				"down": {"uv": [0, 0, 0, 12], "texture": "#missing"}
			}
		},
		{
			"from": [0, 9, 2],
			"to": [0, 10, 14],
			"rotation": {"angle": -45, "axis": "z", "origin": [0, 9, 2], "rescale": true},
			"faces": {
				"north": {"uv": [0, 0, 0, 1], "texture": "#missing"},
				"south": {"uv": [0, 0, 0, 1], "texture": "#missing"},
				"west": {"uv": [2, 6, 14, 7], "texture": "#top"},
				"up": {"uv": [0, 0, 0, 12], "texture": "#missing"},
				"down": {"uv": [0, 0, 0, 12], "texture": "#missing"}
			}
		},
		{
			"from": [0, 4, 2],
			"to": [0, 5, 14],
			"rotation": {"angle": -45, "axis": "z", "origin": [0, 4, 2], "rescale": true},
			"faces": {
				"north": {"uv": [0, 0, 0, 1], "texture": "#missing"},
				"south": {"uv": [0, 0, 0, 1], "texture": "#missing"},
				"west": {"uv": [2, 11, 14, 12], "texture": "#top"},
				"up": {"uv": [0, 0, 0, 12], "texture": "#missing"},
				"down": {"uv": [0, 0, 0, 12], "texture": "#missing"}
			}
		},
		{
			"from": [1, 8, 2],
			"to": [1, 9, 14],
			"rotation": {"angle": 45, "axis": "z", "origin": [1, 8, 2], "rescale": true},
			"faces": {
				"north": {"uv": [0, 0, 0, 1], "texture": "#missing"},
				"south": {"uv": [0, 0, 0, 1], "texture": "#missing"},
				"west": {"uv": [2, 7, 14, 8], "texture": "#top"},
				"up": {"uv": [0, 0, 0, 12], "texture": "#missing"},
				"down": {"uv": [0, 0, 0, 12], "texture": "#missing"}
			}
		},
		{
			"from": [1, 2, 2],
			"to": [1, 3, 14],
			"rotation": {"angle": 45, "axis": "z", "origin": [1, 2, 2], "rescale": true},
			"faces": {
				"north": {"uv": [0, 0, 0, 1], "texture": "#missing"},
				"south": {"uv": [0, 0, 0, 1], "texture": "#missing"},
				"west": {"uv": [2, 13, 14, 14], "texture": "#top"},
				"up": {"uv": [0, 0, 0, 12], "texture": "#missing"},
				"down": {"uv": [0, 0, 0, 12], "texture": "#missing"}
			}
		},
		{
			"from": [1, 0, 7],
			"to": [1, 14, 8],
			"rotation": {"angle": -45, "axis": "y", "origin": [1, 0, 7], "rescale": true},
			"faces": {
				"north": {"uv": [0, 0, 0, 14], "texture": "#missing"},
				"south": {"uv": [0, 0, 0, 14], "texture": "#missing"},
				"west": {"uv": [7, 2, 8, 16], "texture": "#top"},
				"up": {"uv": [0, 0, 0, 1], "texture": "#missing"},
				"down": {"uv": [0, 0, 0, 1], "texture": "#missing"}
			}
		},
		{
			"from": [1, 0, 13],
			"to": [1, 14, 14],
			"rotation": {"angle": -45, "axis": "y", "origin": [1, 4, 13], "rescale": true},
			"faces": {
				"north": {"uv": [0, 0, 0, 14], "texture": "#missing"},
				"south": {"uv": [0, 0, 0, 14], "texture": "#missing"},
				"west": {"uv": [13, 2, 14, 16], "texture": "#top"},
				"up": {"uv": [0, 0, 0, 1], "texture": "#missing"},
				"down": {"uv": [0, 0, 0, 1], "texture": "#missing"}
			}
		},
		{
			"from": [0, 0, 8],
			"to": [0, 14, 9],
			"rotation": {"angle": 45, "axis": "y", "origin": [0, 0, 8], "rescale": true},
			"faces": {
				"north": {"uv": [0, 0, 0, 14], "texture": "#missing"},
				"south": {"uv": [0, 0, 0, 14], "texture": "#missing"},
				"west": {"uv": [8, 2, 9, 16], "texture": "#top"},
				"up": {"uv": [0, 0, 0, 1], "texture": "#missing"},
				"down": {"uv": [0, 0, 0, 1], "texture": "#missing"}
			}
		},
		{
			"from": [0, 0, 2],
			"to": [0, 14, 3],
			"rotation": {"angle": 45, "axis": "y", "origin": [0, 4, 2], "rescale": true},
			"faces": {
				"north": {"uv": [0, 0, 0, 14], "texture": "#missing"},
				"south": {"uv": [0, 0, 0, 14], "texture": "#missing"},
				"west": {"uv": [2, 2, 3, 16], "texture": "#top"},
				"up": {"uv": [0, 0, 0, 1], "texture": "#missing"},
				"down": {"uv": [0, 0, 0, 1], "texture": "#missing"}
			}
		},
		{
			"from": [2, 0, 9],
			"to": [2, 2, 13],
			"rotation": {"angle": 0, "axis": "y", "origin": [-5, 8, 18]},
			"faces": {
				"north": {"uv": [0, 0, 0, 2], "texture": "#missing"},
				"east": {"uv": [3, 14, 7, 16], "texture": "#2"},
				"south": {"uv": [0, 0, 0, 2], "texture": "#missing"},
				"up": {"uv": [0, 0, 0, 4], "texture": "#missing"},
				"down": {"uv": [0, 0, 0, 4], "texture": "#missing"}
			}
		},
		{
			"from": [2, 0, 3],
			"to": [2, 2, 7],
			"rotation": {"angle": 0, "axis": "y", "origin": [-5, 8, 12]},
			"faces": {
				"north": {"uv": [0, 0, 0, 2], "texture": "#missing"},
				"east": {"uv": [9, 14, 13, 16], "texture": "#2"},
				"south": {"uv": [0, 0, 0, 2], "texture": "#missing"},
				"up": {"uv": [0, 0, 0, 4], "texture": "#missing"},
				"down": {"uv": [0, 0, 0, 4], "texture": "#missing"}
			}
		},
		{
			"from": [2, 13, 2],
			"to": [2, 14, 14],
			"rotation": {"angle": -45, "axis": "z", "origin": [2, 13, 2], "rescale": true},
			"faces": {
				"north": {"uv": [0, 0, 0, 1], "texture": "#missing"},
				"east": {"uv": [2, 2, 14, 3], "texture": "#2"},
				"south": {"uv": [0, 0, 0, 1], "texture": "#missing"},
				"up": {"uv": [0, 0, 0, 12], "texture": "#missing"},
				"down": {"uv": [0, 0, 0, 12], "texture": "#missing"}
			}
		},
		{
			"from": [3, 9, 2],
			"to": [3, 10, 14],
			"rotation": {"angle": 45, "axis": "z", "origin": [3, 9, 2], "rescale": true},
			"faces": {
				"north": {"uv": [0, 0, 0, 1], "texture": "#missing"},
				"east": {"uv": [2, 6, 14, 7], "texture": "#2"},
				"south": {"uv": [0, 0, 0, 1], "texture": "#missing"},
				"up": {"uv": [0, 0, 0, 12], "texture": "#missing"},
				"down": {"uv": [0, 0, 0, 12], "texture": "#missing"}
			}
		},
		{
			"from": [3, 4, 2],
			"to": [3, 5, 14],
			"rotation": {"angle": 45, "axis": "z", "origin": [3, 4, 2], "rescale": true},
			"faces": {
				"north": {"uv": [0, 0, 0, 1], "texture": "#missing"},
				"east": {"uv": [2, 11, 14, 12], "texture": "#2"},
				"south": {"uv": [0, 0, 0, 1], "texture": "#missing"},
				"up": {"uv": [0, 0, 0, 12], "texture": "#missing"},
				"down": {"uv": [0, 0, 0, 12], "texture": "#missing"}
			}
		},
		{
			"from": [2, 8, 2],
			"to": [2, 9, 14],
			"rotation": {"angle": -45, "axis": "z", "origin": [2, 8, 2], "rescale": true},
			"faces": {
				"north": {"uv": [0, 0, 0, 1], "texture": "#missing"},
				"east": {"uv": [2, 7, 14, 8], "texture": "#2"},
				"south": {"uv": [0, 0, 0, 1], "texture": "#missing"},
				"up": {"uv": [0, 0, 0, 12], "texture": "#missing"},
				"down": {"uv": [0, 0, 0, 12], "texture": "#missing"}
			}
		},
		{
			"from": [2, 2, 2],
			"to": [2, 3, 14],
			"rotation": {"angle": -45, "axis": "z", "origin": [2, 2, 2], "rescale": true},
			"faces": {
				"north": {"uv": [0, 0, 0, 1], "texture": "#missing"},
				"east": {"uv": [2, 13, 14, 14], "texture": "#2"},
				"south": {"uv": [0, 0, 0, 1], "texture": "#missing"},
				"up": {"uv": [0, 0, 0, 12], "texture": "#missing"},
				"down": {"uv": [0, 0, 0, 12], "texture": "#missing"}
			}
		},
		{
			"from": [2, 0, 7],
			"to": [2, 14, 8],
			"rotation": {"angle": 45, "axis": "y", "origin": [2, 0, 7], "rescale": true},
			"faces": {
				"north": {"uv": [0, 0, 0, 14], "texture": "#missing"},
				"east": {"uv": [8, 2, 9, 16], "texture": "#2"},
				"south": {"uv": [0, 0, 0, 14], "texture": "#missing"},
				"up": {"uv": [0, 0, 0, 1], "texture": "#missing"},
				"down": {"uv": [0, 0, 0, 1], "texture": "#missing"}
			}
		},
		{
			"from": [2, 0, 13],
			"to": [2, 14, 14],
			"rotation": {"angle": 45, "axis": "y", "origin": [2, 4, 13], "rescale": true},
			"faces": {
				"north": {"uv": [0, 0, 0, 14], "texture": "#missing"},
				"east": {"uv": [2, 2, 3, 16], "texture": "#2"},
				"south": {"uv": [0, 0, 0, 14], "texture": "#missing"},
				"up": {"uv": [0, 0, 0, 1], "texture": "#missing"},
				"down": {"uv": [0, 0, 0, 1], "texture": "#missing"}
			}
		},
		{
			"from": [3, 0, 8],
			"to": [3, 14, 9],
			"rotation": {"angle": -45, "axis": "y", "origin": [3, 0, 8], "rescale": true},
			"faces": {
				"north": {"uv": [0, 0, 0, 14], "texture": "#missing"},
				"east": {"uv": [7, 2, 8, 16], "texture": "#2"},
				"south": {"uv": [0, 0, 0, 14], "texture": "#missing"},
				"up": {"uv": [0, 0, 0, 1], "texture": "#missing"},
				"down": {"uv": [0, 0, 0, 1], "texture": "#missing"}
			}
		},
		{
			"from": [3, 0, 2],
			"to": [3, 14, 3],
			"rotation": {"angle": -45, "axis": "y", "origin": [3, 4, 2], "rescale": true},
			"faces": {
				"north": {"uv": [0, 0, 0, 14], "texture": "#missing"},
				"east": {"uv": [13, 2, 14, 16], "texture": "#2"},
				"south": {"uv": [0, 0, 0, 14], "texture": "#missing"},
				"up": {"uv": [0, 0, 0, 1], "texture": "#missing"},
				"down": {"uv": [0, 0, 0, 1], "texture": "#missing"}
			}
		},
		{
			"from": [1, 8, 3],
			"to": [2, 10, 13],
			"rotation": {"angle": 0, "axis": "y", "origin": [9, 16, 11]},
			"faces": {
				"up": {"uv": [3, 6, 13, 7], "rotation": 90, "texture": "#top"},
				"down": {"uv": [3, 7, 13, 8], "rotation": 270, "texture": "#top"}
			}
		},
		{
			"from": [1, 13, 3],
			"to": [2, 13, 13],
			"rotation": {"angle": 0, "axis": "y", "origin": [9, 21, 11]},
			"faces": {
				"down": {"uv": [3, 2, 13, 3], "rotation": 270, "texture": "#top"}
			}
		},
		{
			"from": [1, 5, 3],
			"to": [2, 5, 13],
			"rotation": {"angle": 0, "axis": "y", "origin": [9, 13, 11]},
			"faces": {
				"up": {"uv": [3, 11, 13, 12], "rotation": 90, "texture": "#top"}
			}
		},
		{
			"from": [1, 5, 7],
			"to": [2, 13, 9],
			"rotation": {"angle": 0, "axis": "y", "origin": [9, 13, 15]},
			"faces": {
				"north": {"uv": [7, 3, 8, 11], "texture": "#top"},
				"south": {"uv": [8, 3, 9, 11], "texture": "#top"}
			}
		},
		{
			"from": [1, 5, 3],
			"to": [2, 13, 3],
			"rotation": {"angle": 0, "axis": "y", "origin": [9, 13, 11]},
			"faces": {
				"south": {"uv": [2, 3, 3, 11], "texture": "#top"}
			}
		},
		{
			"from": [1, 5, 13],
			"to": [2, 13, 13],
			"rotation": {"angle": 0, "axis": "y", "origin": [9, 13, 21]},
			"faces": {
				"north": {"uv": [13, 3, 14, 11], "texture": "#top"}
			}
		},
		{
			"from": [-0.5, 2, 13],
			"to": [3.5, 4, 15],
			"rotation": {"angle": 0, "axis": "y", "origin": [8, 10, 21]},
			"faces": {
				"north": {"uv": [12, 12, 13, 14], "texture": "#top"},
				"east": {"uv": [1, 12, 3, 14], "texture": "#2"},
				"south": {"uv": [15, 12, 16, 14], "texture": "#top"},
				"west": {"uv": [13, 12, 15, 14], "texture": "#top"},
				"up": {"uv": [13, 11, 15, 12], "rotation": 90, "texture": "#top"},
				"down": {"uv": [13, 14, 15, 15], "rotation": 270, "texture": "#top"}
			}
		}
	],
	"groups": [
		{
			"name": "group",
			"origin": [8, 8, 8],
			"children": [0, 1, 2, 3, 4, 5, 6, 7, 8, 9, 10, 11, 12, 13, 14, 15, 16, 17, 18, 19, 20, 21, 22, 23, 24, 25, 26, 27, 28, 29, 30, 31,
				{
					"name": "group",
					"origin": [8, 8, 18],
					"children": []
				},
				{
					"name": "group",
					"origin": [8, 8, 18],
					"children": []
				}
			]
		}, 32]
}