{
	"credit": "Made with Blockbench",
	"parent": "block/door_bottom",
	"textures": {
		"1": "block/iron_door_lower",
		"particle": "block/iron_door_lower",
		"bottom": "block/iron_door_lower_m"
	},
	"elements": [
		{
			"from": [0, 0, 2],
			"to": [3, 2, 14],
			"rotation": {"angle": 0, "axis": "y", "origin": [8, 8, 10]},
			"faces": {
				"north": {"uv": [0, 0, 0, 0], "texture": "#bottom"},
				"east": {"uv": [2, 14, 14, 16], "texture": "#1"},
				"west": {"uv": [2, 14, 14, 16], "texture": "#bottom"},
				"down": {"uv": [13, 2, 16, 14], "texture": "#1"}
			}
		},
		{
			"from": [0, 0, 0],
			"to": [3, 16, 2],
			"faces": {
				"north": {"uv": [3, 0, 0, 16], "texture": "#1"},
				"east": {"uv": [14, 0, 16, 16], "texture": "#1"},
				"west": {"uv": [0, 0, 2, 16], "texture": "#bottom"},
				"down": {"uv": [13, 14, 16, 16], "texture": "#1"}
			}
		},
		{
			"from": [0, 0, 14],
			"to": [3, 16, 16],
			"rotation": {"angle": 0, "axis": "y", "origin": [8, 8, 22]},
			"faces": {
				"east": {"uv": [0, 0, 2, 16], "texture": "#1"},
				"south": {"uv": [0, 0, 3, 16], "texture": "#1"},
				"west": {"uv": [14, 0, 16, 16], "texture": "#bottom"},
				"down": {"uv": [13, 0, 16, 2], "texture": "#1"}
			}
		},
		{
			"from": [8, -6, 2],
			"to": [8, -5, 14],
			"rotation": {"angle": -45, "axis": "z", "origin": [16, 2, 10], "rescale": true},
			"faces": {
				"north": {"uv": [0, 0, 0, 1], "texture": "#bottom"},
				"south": {"uv": [0, 0, 0, 1], "texture": "#missing"},
				"west": {"uv": [2, 13, 14, 14], "texture": "#bottom"},
				"up": {"uv": [0, 0, 0, 12], "texture": "#missing"},
				"down": {"uv": [0, 0, 0, 12], "texture": "#missing"}
			}
		},
		{
			"from": [8, 0, 2],
			"to": [8, 1, 14],
			"rotation": {"angle": -45, "axis": "z", "origin": [16, 8, 10], "rescale": true},
			"faces": {
				"north": {"uv": [0, 0, 0, 1], "texture": "#bottom"},
				"south": {"uv": [0, 0, 0, 1], "texture": "#missing"},
				"west": {"uv": [2, 7, 14, 8], "texture": "#bottom"},
				"up": {"uv": [0, 0, 0, 12], "texture": "#missing"},
				"down": {"uv": [0, 0, 0, 12], "texture": "#missing"}
			}
		},
		{
			"from": [8, 6, 2],
			"to": [8, 7, 14],
			"rotation": {"angle": -45, "axis": "z", "origin": [16, 14, 10], "rescale": true},
			"faces": {
				"north": {"uv": [0, 0, 0, 1], "texture": "#bottom"},
				"south": {"uv": [0, 0, 0, 1], "texture": "#missing"},
				"west": {"uv": [2, 1, 14, 2], "texture": "#bottom"},
				"up": {"uv": [0, 0, 0, 12], "texture": "#missing"},
				"down": {"uv": [0, 0, 0, 12], "texture": "#missing"}
			}
		},
		{
			"from": [-7, 14, 2],
			"to": [-7, 15, 14],
			"rotation": {"angle": 45, "axis": "z", "origin": [1, 22, 10], "rescale": true},
			"faces": {
				"north": {"uv": [0, 0, 0, 1], "texture": "#bottom"},
				"south": {"uv": [0, 0, 0, 1], "texture": "#missing"},
				"west": {"uv": [2, 9, 14, 10], "texture": "#bottom"},
				"up": {"uv": [0, 0, 0, 12], "texture": "#missing"},
				"down": {"uv": [0, 0, 0, 12], "texture": "#missing"}
			}
		},
		{
			"from": [-7, 20, 2],
			"to": [-7, 21, 14],
			"rotation": {"angle": 45, "axis": "z", "origin": [1, 28, 10], "rescale": true},
			"faces": {
				"north": {"uv": [0, 0, 0, 1], "texture": "#bottom"},
				"south": {"uv": [0, 0, 0, 1], "texture": "#missing"},
				"west": {"uv": [2, 3, 14, 4], "texture": "#bottom"},
				"up": {"uv": [0, 0, 0, 12], "texture": "#missing"},
				"down": {"uv": [0, 0, 0, 12], "texture": "#missing"}
			}
		},
		{
			"from": [1, 3, 3],
			"to": [2, 16, 13],
			"rotation": {"angle": 0, "axis": "y", "origin": [9, 11, 11]},
			"faces": {
				"north": {"uv": [0, 0, 0, 0], "texture": "#bottom"},
				"east": {"uv": [3, 0, 13, 13], "texture": "#1"},
				"west": {"uv": [3, 0, 13, 13], "texture": "#bottom"}
			}
		},
		{
			"from": [0, 7, 2],
			"to": [3, 8, 14],
			"rotation": {"angle": 0, "axis": "y", "origin": [8, 15, 10]},
			"faces": {
				"north": {"uv": [0, 0, 0, 0], "texture": "#bottom"},
				"east": {"uv": [2, 8, 14, 9], "texture": "#1"},
				"west": {"uv": [2, 8, 14, 9], "texture": "#bottom"}
			}
		},
		{
			"from": [0, 13, 2],
			"to": [3, 14, 14],
			"rotation": {"angle": 0, "axis": "y", "origin": [8, 21, 10]},
			"faces": {
				"north": {"uv": [0, 0, 3, 1], "texture": "#bottom"},
				"east": {"uv": [2, 2, 14, 3], "texture": "#1"},
				"west": {"uv": [2, 2, 14, 3], "texture": "#bottom"}
			}
		},
		{
			"from": [10, 2, -5],
			"to": [11, 16, -5],
			"rotation": {"angle": 45, "axis": "y", "origin": [18, 10, 3], "rescale": true},
			"faces": {
				"east": {"uv": [0, 0, 0, 14], "texture": "#missing"},
				"south": {"uv": [13, 0, 14, 14], "texture": "#1"},
				"west": {"uv": [0, 0, 0, 14], "texture": "#missing"},
				"up": {"uv": [0, 0, 1, 0], "texture": "#missing"},
				"down": {"uv": [0, 0, 1, 0], "texture": "#missing"}
			}
		},
		{
			"from": [10, -5, 2],
			"to": [11, -5, 14],
			"rotation": {"angle": -45, "axis": "z", "origin": [18, 3, 10], "rescale": true},
			"faces": {
				"north": {"uv": [0, 0, 1, 0], "texture": "#missing"},
				"east": {"uv": [0, 0, 12, 0], "texture": "#missing"},
				"south": {"uv": [0, 0, 1, 0], "texture": "#missing"},
				"west": {"uv": [0, 0, 12, 0], "texture": "#missing"},
				"up": {"uv": [2, 13, 14, 14], "rotation": 90, "texture": "#1"}
			}
		},
		{
			"from": [10, 1, 2],
			"to": [11, 1, 14],
			"rotation": {"angle": -45, "axis": "z", "origin": [18, 9, 10], "rescale": true},
			"faces": {
				"north": {"uv": [0, 0, 1, 0], "texture": "#missing"},
				"east": {"uv": [0, 0, 12, 0], "texture": "#missing"},
				"south": {"uv": [0, 0, 1, 0], "texture": "#missing"},
				"west": {"uv": [0, 0, 12, 0], "texture": "#missing"},
				"up": {"uv": [2, 7, 14, 8], "rotation": 90, "texture": "#1"}
			}
		},
		{
			"from": [10, 7, 2],
			"to": [11, 7, 14],
			"rotation": {"angle": -45, "axis": "z", "origin": [18, 15, 10], "rescale": true},
			"faces": {
				"north": {"uv": [0, 0, 1, 0], "texture": "#missing"},
				"east": {"uv": [0, 0, 12, 0], "texture": "#missing"},
				"south": {"uv": [0, 0, 1, 0], "texture": "#missing"},
				"west": {"uv": [0, 0, 12, 0], "texture": "#missing"},
				"up": {"uv": [2, 1, 14, 2], "rotation": 90, "texture": "#1"}
			}
		},
		{
			"from": [10, 2, -1],
			"to": [10, 16, 0],
			"rotation": {"angle": 45, "axis": "y", "origin": [18, 10, 7], "rescale": true},
			"faces": {
				"north": {"uv": [0, 0, 0, 14], "texture": "#missing"},
				"east": {"uv": [8, 0, 9, 14], "texture": "#1"},
				"south": {"uv": [0, 0, 0, 14], "texture": "#missing"},
				"up": {"uv": [0, 0, 0, 1], "texture": "#missing"},
				"down": {"uv": [0, 0, 0, 1], "texture": "#missing"}
			}
		},
		{
			"from": [10, 2, 1],
			"to": [11, 16, 1],
			"rotation": {"angle": 45, "axis": "y", "origin": [18, 10, 9], "rescale": true},
			"faces": {
				"east": {"uv": [0, 0, 0, 14], "texture": "#missing"},
				"south": {"uv": [7, 0, 8, 14], "texture": "#1"},
				"west": {"uv": [0, 0, 0, 14], "texture": "#missing"},
				"up": {"uv": [0, 0, 1, 0], "texture": "#missing"},
				"down": {"uv": [0, 0, 1, 0], "texture": "#missing"}
			}
		},
		{
			"from": [10, 2, 5],
			"to": [10, 16, 6],
			"rotation": {"angle": 45, "axis": "y", "origin": [18, 10, 13], "rescale": true},
			"faces": {
				"north": {"uv": [0, 0, 0, 14], "texture": "#missing"},
				"east": {"uv": [2, 0, 3, 14], "texture": "#1"},
				"south": {"uv": [0, 0, 0, 14], "texture": "#missing"},
				"up": {"uv": [0, 0, 0, 1], "texture": "#missing"},
				"down": {"uv": [0, 0, 0, 1], "texture": "#missing"}
			}
		},
		{
			"from": [10, 4, 2],
			"to": [10, 5, 14],
			"rotation": {"angle": -45, "axis": "z", "origin": [18, 12, 10], "rescale": true},
			"faces": {
				"north": {"uv": [0, 0, 0, 1], "texture": "#missing"},
				"east": {"uv": [2, 3, 14, 4], "texture": "#1"},
				"south": {"uv": [0, 0, 0, 1], "texture": "#missing"},
				"up": {"uv": [0, 0, 0, 12], "texture": "#missing"},
				"down": {"uv": [0, 0, 0, 12], "texture": "#missing"}
			}
		},
		{
			"from": [10, -2, 2],
			"to": [10, -1, 14],
			"rotation": {"angle": -45, "axis": "z", "origin": [18, 6, 10], "rescale": true},
			"faces": {
				"north": {"uv": [0, 0, 0, 1], "texture": "#missing"},
				"east": {"uv": [2, 9, 14, 10], "texture": "#1"},
				"south": {"uv": [0, 0, 0, 1], "texture": "#missing"},
				"up": {"uv": [0, 0, 0, 12], "texture": "#missing"},
				"down": {"uv": [0, 0, 0, 12], "texture": "#missing"}
			}
		},
		{
			"from": [0, 2, 8],
			"to": [1, 16, 8],
			"rotation": {"angle": 45, "axis": "y", "origin": [0, 2, 8], "rescale": true},
			"faces": {
				"north": {"uv": [7, 0, 8, 14], "texture": "#bottom"},
				"east": {"uv": [0, 0, 0, 14], "texture": "#missing"},
				"west": {"uv": [0, 0, 0, 14], "texture": "#missing"},
				"up": {"uv": [0, 0, 1, 0], "texture": "#missing"},
				"down": {"uv": [0, 0, 1, 0], "texture": "#missing"}
			}
		},
		{
			"from": [0, 2, 14],
			"to": [1, 16, 14],
			"rotation": {"angle": 45, "axis": "y", "origin": [0, 2, 14], "rescale": true},
			"faces": {
				"north": {"uv": [13, 0, 14, 14], "texture": "#bottom"},
				"east": {"uv": [0, 0, 0, 14], "texture": "#missing"},
				"west": {"uv": [0, 0, 0, 14], "texture": "#missing"},
				"up": {"uv": [0, 0, 1, 0], "texture": "#missing"},
				"down": {"uv": [0, 0, 1, 0], "texture": "#missing"}
			}
		},
		{
			"from": [0, 2, 3],
			"to": [1, 16, 3],
			"rotation": {"angle": -45, "axis": "y", "origin": [1, 2, 3], "rescale": true},
			"faces": {
				"east": {"uv": [0, 0, 0, 14], "texture": "#missing"},
				"south": {"uv": [2, 0, 3, 14], "texture": "#bottom"},
				"west": {"uv": [0, 0, 0, 14], "texture": "#missing"},
				"up": {"uv": [0, 0, 1, 0], "rotation": 180, "texture": "#missing"},
				"down": {"uv": [0, 0, 1, 0], "rotation": 180, "texture": "#missing"}
			}
		},
		{
			"from": [0, 2, 9],
			"to": [1, 16, 9],
			"rotation": {"angle": -45, "axis": "y", "origin": [1, 2, 9], "rescale": true},
			"faces": {
				"east": {"uv": [0, 0, 0, 14], "texture": "#missing"},
				"south": {"uv": [8, 0, 9, 14], "texture": "#bottom"},
				"west": {"uv": [0, 0, 0, 14], "texture": "#missing"},
				"up": {"uv": [0, 0, 1, 0], "rotation": 180, "texture": "#missing"},
				"down": {"uv": [0, 0, 1, 0], "rotation": 180, "texture": "#missing"}
			}
		}
	],
	"groups": [
		{
			"name": "group",
			"origin": [8, 8, 10],
			"children": [0, 1, 2, 3, 4, 5, 6, 7, 8, 9, 10]
		},
		{
			"name": "group",
			"origin": [8, 8, 8],
			"children": [11, 12, 13, 14, 15, 16, 17, 18, 19]
		}, 20, 21, 22, 23]
}