{
	"credit": "Made with Blockbench",
	"parent": "block/door_bottom",
	"textures": {
		"1": "block/jungle_door_lower",
		"particle": "block/jungle_door_lower",
		"bottom": "block/jungle_door_lower_m"
	},
	"elements": [
		{
			"from": [0, 0, 6],
			"to": [3, 2, 10],
			"rotation": {"angle": 0, "axis": "y", "origin": [8, 8, 10]},
			"faces": {
				"east": {"uv": [6, 14, 10, 16], "texture": "#1"},
				"west": {"uv": [6, 14, 10, 16], "texture": "#bottom"},
				"up": {"uv": [6, 14, 10, 15], "rotation": 90, "texture": "#bottom"},
				"down": {"uv": [13, 6, 16, 10], "texture": "#bottom"}
			}
		},
		{
			"from": [0, 15, 6],
			"to": [3, 16, 10],
			"rotation": {"angle": 0, "axis": "y", "origin": [8, 22, 10]},
			"faces": {
				"east": {"uv": [6, 0, 10, 1], "texture": "#1"},
				"west": {"uv": [6, 0, 10, 1], "texture": "#bottom"},
				"down": {"uv": [6, 0, 10, 1], "rotation": 270, "texture": "#bottom"}
			}
		},
		{
			"from": [0, 0, 0],
			"to": [3, 16, 6],
			"faces": {
				"north": {"uv": [3, 0, 0, 16], "texture": "#1"},
				"east": {"uv": [10, 0, 16, 16], "texture": "#1"},
				"south": {"uv": [5, 0, 6, 16], "texture": "#bottom"},
				"west": {"uv": [0, 0, 6, 16], "texture": "#bottom"},
				"down": {"uv": [13, 10, 16, 16], "texture": "#bottom"}
			}
		},
		{
			"from": [0, 0, 10],
			"to": [3, 16, 16],
			"rotation": {"angle": 0, "axis": "y", "origin": [8, 8, 22]},
			"faces": {
				"north": {"uv": [10, 0, 11, 16], "texture": "#bottom"},
				"east": {"uv": [0, 0, 6, 16], "texture": "#1"},
				"south": {"uv": [0, 0, 3, 16], "texture": "#1"},
				"west": {"uv": [10, 0, 16, 16], "texture": "#bottom"},
				"down": {"uv": [13, 0, 16, 6], "texture": "#bottom"}
			}
		},
		{
			"from": [0.5, 2, 6],
			"to": [2.5, 15, 7],
			"rotation": {"angle": 0, "axis": "y", "origin": [9, 10, 14]},
			"faces": {
				"east": {"uv": [9, 1, 10, 14], "texture": "#1"},
				"south": {"uv": [6, 1, 7, 14], "texture": "#bottom"},
				"west": {"uv": [6, 1, 7, 14], "texture": "#bottom"}
			}
		},
		{
			"from": [0.5, 14, 7],
			"to": [2.5, 15, 9],
			"rotation": {"angle": 0, "axis": "y", "origin": [9, 10, 15]},
			"faces": {
				"east": {"uv": [7, 1, 9, 2], "texture": "#1"},
				"west": {"uv": [7, 1, 9, 2], "texture": "#bottom"},
				"down": {"uv": [7, 1, 9, 2], "rotation": 270, "texture": "#bottom"}
			}
		},
		{
			"from": [0.5, 2, 7],
			"to": [2.5, 3, 9],
			"rotation": {"angle": 0, "axis": "y", "origin": [9, -2, 15]},
			"faces": {
				"east": {"uv": [7, 13, 9, 14], "texture": "#1"},
				"west": {"uv": [7, 13, 9, 14], "texture": "#bottom"},
				"up": {"uv": [7, 13, 9, 14], "rotation": 270, "texture": "#bottom"}
			}
		},
		{
			"from": [0.5, 2, 9],
			"to": [2.5, 15, 10],
			"rotation": {"angle": 0, "axis": "y", "origin": [9, 10, 17]},
			"faces": {
				"north": {"uv": [9, 1, 10, 14], "texture": "#bottom"},
				"east": {"uv": [6, 1, 7, 14], "texture": "#1"},
				"west": {"uv": [9, 1, 10, 14], "texture": "#bottom"}
			}
		}
	],
	"groups": [
		{
			"name": "group",
			"origin": [8, 8, 10],
			"children": [0, 1, 2, 3]
		},
		{
			"name": "group",
			"origin": [8, 8, 8],
			"children": []
		}, 4, 5, 6, 7]
}