{
	"credit": "Made with Blockbench",
	"parent": "block/door_top",
	"textures": {
		"2": "block/jungle_door_upper",
		"top": "block/jungle_door_upper_m",
		"particle": "block/jungle_door_upper_m",
		"bottom": "block/jungle_door_lower"
	},
	"elements": [
		{
			"from": [0, 5, 0],
			"to": [3, 16, 3],
			"faces": {
				"north": {"uv": [13, 0, 16, 11], "texture": "#top"},
				"east": {"uv": [13, 0, 16, 11], "texture": "#2"},
				"south": {"uv": [2, 0, 3, 11], "texture": "#top"},
				"west": {"uv": [0, 0, 3, 11], "texture": "#top"},
				"up": {"uv": [13, 0, 16, 3], "texture": "#bottom"}
			}
		},
		{
			"from": [0, 11, 3],
			"to": [3, 16, 4],
			"faces": {
				"east": {"uv": [12, 0, 13, 5], "texture": "#2"},
				"south": {"uv": [3, 0, 4, 5], "texture": "#top"},
				"west": {"uv": [3, 0, 4, 5], "texture": "#top"},
				"up": {"uv": [13, 3, 16, 4], "texture": "#bottom"},
				"down": {"uv": [3, 5, 4, 6], "texture": "#top"}
			}
		},
		{
			"from": [0, 11, 12],
			"to": [3, 16, 13],
			"rotation": {"angle": 0, "axis": "y", "origin": [8, 8, 17]},
			"faces": {
				"north": {"uv": [12, 0, 13, 5], "texture": "#top"},
				"east": {"uv": [3, 0, 4, 5], "texture": "#2"},
				"west": {"uv": [12, 0, 13, 5], "texture": "#top"},
				"up": {"uv": [13, 12, 16, 13], "texture": "#bottom"},
				"down": {"uv": [12, 4, 13, 5], "texture": "#top"}
			}
		},
		{
			"from": [0, 13, 4],
			"to": [3, 16, 5],
			"rotation": {"angle": 0, "axis": "y", "origin": [8, 8, 9]},
			"faces": {
				"east": {"uv": [11, 0, 12, 3], "texture": "#2"},
				"south": {"uv": [4, 0, 5, 4], "texture": "#top"},
				"west": {"uv": [4, 0, 5, 3], "texture": "#top"},
				"up": {"uv": [13, 4, 16, 5], "texture": "#bottom"},
				"down": {"uv": [4, 2, 5, 3], "texture": "#top"}
			}
		},
		{
			"from": [0, 13, 11],
			"to": [3, 16, 12],
			"rotation": {"angle": 0, "axis": "y", "origin": [8, 8, 16]},
			"faces": {
				"north": {"uv": [11, 0, 12, 3], "texture": "#top"},
				"east": {"uv": [4, 0, 5, 3], "texture": "#2"},
				"west": {"uv": [11, 0, 12, 3], "texture": "#top"},
				"up": {"uv": [13, 11, 16, 12], "texture": "#bottom"},
				"down": {"uv": [11, 2, 12, 3], "texture": "#top"}
			}
		},
		{
			"from": [0, 14, 5],
			"to": [3, 16, 6],
			"rotation": {"angle": 0, "axis": "y", "origin": [8, 8, 10]},
			"faces": {
				"east": {"uv": [10, 0, 11, 2], "texture": "#2"},
				"south": {"uv": [5, 0, 6, 2], "texture": "#top"},
				"west": {"uv": [5, 0, 6, 2], "texture": "#top"},
				"up": {"uv": [13, 5, 16, 6], "texture": "#bottom"},
				"down": {"uv": [5, 1, 6, 2], "texture": "#top"}
			}
		},
		{
			"from": [0, 14, 10],
			"to": [3, 16, 11],
			"rotation": {"angle": 0, "axis": "y", "origin": [8, 8, 15]},
			"faces": {
				"north": {"uv": [10, 0, 11, 2], "texture": "#top"},
				"east": {"uv": [5, 0, 6, 2], "texture": "#2"},
				"west": {"uv": [10, 0, 11, 2], "texture": "#top"},
				"up": {"uv": [13, 10, 16, 11], "texture": "#bottom"},
				"down": {"uv": [10, 1, 11, 2], "texture": "#top"}
			}
		},
		{
			"from": [0, 5, 13],
			"to": [3, 16, 16],
			"rotation": {"angle": 0, "axis": "y", "origin": [8, 8, 22]},
			"faces": {
				"north": {"uv": [13, 0, 14, 11], "texture": "#top"},
				"east": {"uv": [0, 0, 2, 16], "texture": "#2"},
				"south": {"uv": [0, 0, 3, 11], "texture": "#2"},
				"west": {"uv": [13, 0, 16, 11], "texture": "#top"},
				"up": {"uv": [13, 13, 16, 16], "texture": "#bottom"}
			}
		},
		{
			"from": [0, 14, 6],
			"to": [3, 16, 10],
			"rotation": {"angle": 0, "axis": "y", "origin": [8, 22, 10]},
			"faces": {
				"east": {"uv": [6, 0, 10, 2], "texture": "#2"},
				"west": {"uv": [6, 0, 10, 2], "texture": "#top"},
				"up": {"uv": [13, 6, 16, 10], "texture": "#bottom"},
				"down": {"uv": [6, 2, 10, 3], "rotation": 270, "texture": "#top"}
			}
		},
		{
			"from": [-0.5, 1, 2],
			"to": [3.5, 2, 5],
			"rotation": {"angle": 0, "axis": "y", "origin": [8, 9, 11]},
			"faces": {
				"north": {"uv": [2, 14, 3, 15], "texture": "#top"},
				"east": {"uv": [11, 14, 14, 15], "texture": "#2"},
				"south": {"uv": [4, 14, 5, 15], "texture": "#top"},
				"west": {"uv": [2, 14, 5, 15], "texture": "#top"},
				"up": {"uv": [2, 14, 5, 15], "rotation": 90, "texture": "#top"},
				"down": {"uv": [2, 14, 5, 15], "rotation": 270, "texture": "#top"}
			}
		},
		{
			"from": [-0.5, 0, 4],
			"to": [3.5, 1, 5],
			"rotation": {"angle": 0, "axis": "y", "origin": [8, 8, 13]},
			"faces": {
				"north": {"uv": [4, 15, 5, 16], "texture": "#top"},
				"east": {"uv": [11, 15, 12, 16], "texture": "#2"},
				"south": {"uv": [4, 15, 5, 16], "texture": "#top"},
				"west": {"uv": [4, 15, 5, 16], "texture": "#top"},
				"up": {"uv": [4, 15, 5, 16], "rotation": 90, "texture": "#top"},
				"down": {"uv": [4, 15, 5, 16], "rotation": 270, "texture": "#top"}
			}
		},
		{
			"from": [0, 0, 0],
			"to": [3, 5, 16],
			"rotation": {"angle": 0, "axis": "y", "origin": [8, 8, 12]},
			"faces": {
				"north": {"uv": [13, 10, 16, 16], "texture": "#top"},
				"east": {"uv": [0, 11, 16, 16], "texture": "#2"},
				"south": {"uv": [0, 11, 3, 16], "texture": "#2"},
				"west": {"uv": [0, 11, 16, 16], "texture": "#top"},
				"up": {"uv": [0, 11, 16, 12], "rotation": 90, "texture": "#top"}
			}
		},
		{
			"from": [0.5, 5, 4],
			"to": [2.5, 6, 12],
			"rotation": {"angle": 0, "axis": "y", "origin": [8, 9, 12]},
			"faces": {
				"east": {"uv": [4, 10, 12, 11], "texture": "#2"},
				"west": {"uv": [4, 10, 12, 11], "texture": "#top"},
				"up": {"uv": [4, 10, 12, 11], "rotation": 90, "texture": "#top"}
			}
		},
		{
			"from": [0.5, 10, 4],
			"to": [2.5, 12, 5],
			"rotation": {"angle": 0, "axis": "y", "origin": [8, 16, 12]},
			"faces": {
				"east": {"uv": [11, 4, 12, 6], "texture": "#2"},
				"south": {"uv": [4, 4, 5, 6], "texture": "#top"},
				"west": {"uv": [4, 4, 5, 6], "texture": "#top"},
				"down": {"uv": [4, 5, 5, 6], "texture": "#top"}
			}
		},
		{
			"from": [0.25, 12, 4],
			"to": [2.75, 13, 5],
			"rotation": {"angle": 0, "axis": "y", "origin": [8, 17, 12]},
			"faces": {
				"east": {"uv": [11, 3, 12, 4], "texture": "#2"},
				"south": {"uv": [4, 3, 5, 4], "texture": "#top"},
				"west": {"uv": [4, 3, 5, 4], "texture": "#top"},
				"down": {"uv": [4, 3, 5, 4], "texture": "#top"}
			}
		},
		{
			"from": [0.25, 13, 5],
			"to": [2.75, 14, 6],
			"rotation": {"angle": 0, "axis": "y", "origin": [8, 18, 13]},
			"faces": {
				"east": {"uv": [10, 2, 11, 3], "texture": "#2"},
				"south": {"uv": [5, 2, 6, 3], "texture": "#top"},
				"west": {"uv": [5, 2, 6, 3], "texture": "#top"},
				"down": {"uv": [5, 2, 6, 3], "texture": "#top"}
			}
		},
		{
			"from": [0.25, 10, 3],
			"to": [2.75, 11, 4],
			"rotation": {"angle": 0, "axis": "y", "origin": [8, 15, 11]},
			"faces": {
				"east": {"uv": [12, 5, 13, 6], "texture": "#2"},
				"south": {"uv": [3, 5, 4, 6], "texture": "#top"},
				"west": {"uv": [3, 5, 4, 6], "texture": "#top"},
				"down": {"uv": [3, 5, 4, 6], "texture": "#top"}
			}
		},
		{
			"from": [0.25, 10, 12],
			"to": [2.75, 11, 13],
			"rotation": {"angle": 0, "axis": "y", "origin": [8, 15, 20]},
			"faces": {
				"north": {"uv": [12, 5, 13, 6], "texture": "#top"},
				"east": {"uv": [3, 5, 4, 6], "texture": "#2"},
				"west": {"uv": [12, 5, 13, 6], "texture": "#top"},
				"down": {"uv": [12, 5, 13, 6], "texture": "#top"}
			}
		},
		{
			"from": [0.25, 12, 11],
			"to": [2.75, 13, 12],
			"rotation": {"angle": 0, "axis": "y", "origin": [8, 17, 19]},
			"faces": {
				"north": {"uv": [11, 3, 12, 4], "texture": "#top"},
				"east": {"uv": [4, 3, 5, 4], "texture": "#2"},
				"west": {"uv": [11, 3, 12, 4], "texture": "#top"},
				"down": {"uv": [11, 3, 12, 4], "texture": "#top"}
			}
		},
		{
			"from": [0.25, 13, 10],
			"to": [2.75, 14, 11],
			"rotation": {"angle": 0, "axis": "y", "origin": [8, 18, 18]},
			"faces": {
				"north": {"uv": [10, 2, 11, 3], "texture": "#top"},
				"east": {"uv": [5, 2, 6, 3], "texture": "#2"},
				"west": {"uv": [10, 2, 11, 3], "texture": "#top"},
				"down": {"uv": [10, 2, 11, 3], "texture": "#top"}
			}
		},
		{
			"from": [0.5, 12, 5],
			"to": [2.5, 13, 6],
			"rotation": {"angle": 0, "axis": "y", "origin": [8, 17, 13]},
			"faces": {
				"east": {"uv": [10, 3, 11, 4], "texture": "#2"},
				"south": {"uv": [5, 3, 6, 4], "texture": "#top"},
				"west": {"uv": [5, 3, 6, 4], "texture": "#top"},
				"down": {"uv": [5, 3, 6, 4], "texture": "#top"}
			}
		},
		{
			"from": [0.5, 13, 6],
			"to": [2.5, 14, 10],
			"rotation": {"angle": 0, "axis": "y", "origin": [8, 18, 14]},
			"faces": {
				"east": {"uv": [6, 2, 10, 3], "texture": "#2"},
				"west": {"uv": [6, 2, 10, 3], "texture": "#top"},
				"down": {"uv": [6, 2, 10, 3], "rotation": 270, "texture": "#top"}
			}
		},
		{
			"from": [0.5, 5, 3],
			"to": [2.5, 10, 4],
			"rotation": {"angle": 0, "axis": "y", "origin": [8, 11, 11]},
			"faces": {
				"east": {"uv": [12, 6, 13, 11], "texture": "#2"},
				"south": {"uv": [3, 6, 4, 11], "texture": "#top"},
				"west": {"uv": [3, 6, 4, 11], "texture": "#top"},
				"down": {"uv": [4, 5, 5, 6], "texture": "#top"}
			}
		},
		{
			"from": [0.5, 5, 12],
			"to": [2.5, 10, 13],
			"rotation": {"angle": 0, "axis": "y", "origin": [8, 11, 20]},
			"faces": {
				"north": {"uv": [12, 6, 13, 11], "texture": "#top"},
				"east": {"uv": [3, 6, 4, 11], "texture": "#2"},
				"west": {"uv": [12, 6, 13, 11], "texture": "#top"},
				"down": {"uv": [4, 5, 5, 6], "texture": "#top"}
			}
		},
		{
			"from": [0.5, 10, 11],
			"to": [2.5, 12, 12],
			"rotation": {"angle": 0, "axis": "y", "origin": [8, 13, 19]},
			"faces": {
				"north": {"uv": [11, 4, 12, 6], "texture": "#top"},
				"east": {"uv": [4, 4, 5, 6], "texture": "#2"},
				"west": {"uv": [11, 4, 12, 6], "texture": "#top"},
				"down": {"uv": [11, 5, 12, 6], "texture": "#top"}
			}
		},
		{
			"from": [0.5, 12, 10],
			"to": [2.5, 13, 11],
			"rotation": {"angle": 0, "axis": "y", "origin": [8, 14, 18]},
			"faces": {
				"north": {"uv": [10, 3, 11, 4], "texture": "#top"},
				"east": {"uv": [5, 3, 6, 4], "texture": "#2"},
				"west": {"uv": [10, 3, 11, 4], "texture": "#top"},
				"down": {"uv": [10, 3, 11, 4], "texture": "#top"}
			}
		}
	],
	"groups": [
		{
			"name": "group",
			"origin": [8, 8, 8],
			"children": [0, 1, 2, 3, 4, 5, 6, 7, 8,
				{
					"name": "group",
					"origin": [8, 8, 18],
					"children": []
				},
				{
					"name": "group",
					"origin": [8, 8, 18],
					"children": []
				}
			]
		}, 9, 10, 11, 12, 13, 14, 15, 16, 17, 18, 19, 20, 21, 22, 23, 24, 25]
}