{
	"credit": "Made with Blockbench",
	"parent": "block/door_top_rh",
	"textures": {
		"2": "block/oak_door_upper",
		"3": "block/oak_door_lower_m",
		"particle": "block/oak_door_upper",
		"top": "block/oak_door_upper_m"
	},
	"elements": [
		{
			"from": [8, 0, 1],
			"to": [8, 14, 2],
			"rotation": {"angle": 45, "axis": "y", "origin": [15, 8, 9], "rescale": true},
			"faces": {
				"north": {"uv": [0, 0, 0, 14], "texture": "#missing"},
				"south": {"uv": [0, 0, 0, 14], "texture": "#missing"},
				"west": {"uv": [8, 2, 9, 16], "texture": "#top"},
				"up": {"uv": [0, 0, 0, 1], "texture": "#missing"},
				"down": {"uv": [0, 0, 0, 1], "texture": "#missing"}
			}
		},
		{
			"from": [8, 0, -5],
			"to": [8, 14, -4],
			"rotation": {"angle": 45, "axis": "y", "origin": [15, 8, 3], "rescale": true},
			"faces": {
				"north": {"uv": [0, 0, 0, 14], "texture": "#missing"},
				"south": {"uv": [0, 0, 0, 14], "texture": "#missing"},
				"west": {"uv": [2, 2, 3, 16], "texture": "#top"},
				"up": {"uv": [0, 0, 0, 1], "texture": "#missing"},
				"down": {"uv": [0, 0, 0, 1], "texture": "#missing"}
			}
		},
		{
			"from": [0, 0, 14],
			"to": [3, 16, 16],
			"rotation": {"angle": 0, "axis": "y", "origin": [8, 8, 22]},
			"faces": {
				"east": {"uv": [0, 0, 2, 16], "texture": "#2"},
				"south": {"uv": [0, 0, 3, 16], "texture": "#2"},
				"west": {"uv": [14, 0, 16, 16], "texture": "#top"},
				"up": {"uv": [0, 13, 2, 16], "rotation": 270, "texture": "#3"}
			}
		},
		{
			"from": [0, 0, 0],
			"to": [3, 16, 2],
			"faces": {
				"north": {"uv": [13, 0, 16, 16], "texture": "#top"},
				"east": {"uv": [14, 0, 16, 16], "texture": "#2"},
				"west": {"uv": [0, 0, 2, 16], "texture": "#top"},
				"up": {"uv": [14, 13, 16, 16], "rotation": 270, "texture": "#3"}
			}
		},
		{
			"from": [-7, 0, 14],
			"to": [-7, 14, 15],
			"rotation": {"angle": -45, "axis": "y", "origin": [0, 8, 22], "rescale": true},
			"faces": {
				"north": {"uv": [0, 0, 0, 14], "texture": "#missing"},
				"south": {"uv": [0, 0, 0, 14], "texture": "#missing"},
				"west": {"uv": [7, 2, 8, 16], "texture": "#top"},
				"up": {"uv": [0, 0, 0, 1], "texture": "#missing"},
				"down": {"uv": [0, 0, 0, 1], "texture": "#missing"}
			}
		},
		{
			"from": [-7, 0, 20],
			"to": [-7, 14, 21],
			"rotation": {"angle": -45, "axis": "y", "origin": [0, 8, 28], "rescale": true},
			"faces": {
				"north": {"uv": [0, 0, 0, 14], "texture": "#missing"},
				"south": {"uv": [0, 0, 0, 14], "texture": "#missing"},
				"west": {"uv": [13, 2, 14, 16], "texture": "#top"},
				"up": {"uv": [0, 0, 0, 1], "texture": "#missing"},
				"down": {"uv": [0, 0, 0, 1], "texture": "#missing"}
			}
		},
		{
			"from": [1, 2, 2],
			"to": [1, 3, 14],
			"rotation": {"angle": 45, "axis": "z", "origin": [1, 2, 2], "rescale": true},
			"faces": {
				"north": {"uv": [0, 0, 0, 1], "rotation": 180, "texture": "#missing"},
				"south": {"uv": [0, 0, 0, 1], "texture": "#missing"},
				"west": {"uv": [2, 13, 14, 14], "texture": "#top"},
				"up": {"uv": [0, 0, 0, 12], "texture": "#missing"},
				"down": {"uv": [0, 0, 0, 12], "rotation": 180, "texture": "#missing"}
			}
		},
		{
			"from": [1, 13, 2],
			"to": [1, 14, 14],
			"rotation": {"angle": 45, "axis": "z", "origin": [1, 13, 2], "rescale": true},
			"faces": {
				"north": {"uv": [0, 0, 0, 1], "rotation": 180, "texture": "#missing"},
				"south": {"uv": [0, 0, 0, 1], "texture": "#missing"},
				"west": {"uv": [2, 2, 14, 3], "texture": "#top"},
				"up": {"uv": [0, 0, 0, 12], "texture": "#missing"},
				"down": {"uv": [0, 0, 0, 12], "rotation": 180, "texture": "#missing"}
			}
		},
		{
			"from": [1, 8, 2],
			"to": [1, 9, 14],
			"rotation": {"angle": 45, "axis": "z", "origin": [1, 8, 2], "rescale": true},
			"faces": {
				"north": {"uv": [0, 0, 0, 1], "rotation": 180, "texture": "#missing"},
				"south": {"uv": [0, 0, 0, 1], "texture": "#missing"},
				"west": {"uv": [2, 7, 14, 8], "texture": "#top"},
				"up": {"uv": [0, 0, 0, 12], "texture": "#missing"},
				"down": {"uv": [0, 0, 0, 12], "rotation": 180, "texture": "#missing"}
			}
		},
		{
			"from": [0, 9, 2],
			"to": [0, 10, 14],
			"rotation": {"angle": -45, "axis": "z", "origin": [0, 9, 2], "rescale": true},
			"faces": {
				"north": {"uv": [0, 0, 0, 1], "rotation": 180, "texture": "#missing"},
				"south": {"uv": [0, 0, 0, 1], "texture": "#missing"},
				"west": {"uv": [2, 6, 14, 7], "texture": "#top"},
				"up": {"uv": [0, 0, 0, 12], "texture": "#missing"},
				"down": {"uv": [0, 0, 0, 12], "rotation": 180, "texture": "#missing"}
			}
		},
		{
			"from": [0, 4, 2],
			"to": [0, 5, 14],
			"rotation": {"angle": -45, "axis": "z", "origin": [0, 4, 2], "rescale": true},
			"faces": {
				"north": {"uv": [0, 0, 0, 1], "rotation": 180, "texture": "#missing"},
				"south": {"uv": [0, 0, 0, 1], "texture": "#missing"},
				"west": {"uv": [2, 11, 14, 12], "texture": "#top"},
				"up": {"uv": [0, 0, 0, 12], "texture": "#missing"},
				"down": {"uv": [0, 0, 0, 12], "rotation": 180, "texture": "#missing"}
			}
		},
		{
			"from": [1, 0, 3],
			"to": [2, 2, 13],
			"rotation": {"angle": 0, "axis": "y", "origin": [9, 9, 12]},
			"faces": {
				"east": {"uv": [3, 14, 13, 16], "texture": "#2"},
				"west": {"uv": [3, 14, 13, 16], "texture": "#top"}
			}
		},
		{
			"from": [0, 3, 2],
			"to": [3, 4, 14],
			"rotation": {"angle": 0, "axis": "y", "origin": [8, 11, 10]},
			"faces": {
				"east": {"uv": [2, 12, 14, 13], "texture": "#2"},
				"west": {"uv": [2, 12, 14, 13], "texture": "#top"}
			}
		},
		{
			"from": [0, 14, 2],
			"to": [3, 16, 14],
			"rotation": {"angle": 0, "axis": "y", "origin": [8, 22, 10]},
			"faces": {
				"east": {"uv": [2, 0, 14, 2], "texture": "#2"},
				"west": {"uv": [2, 0, 14, 2], "texture": "#top"},
				"up": {"uv": [2, 13, 14, 16], "rotation": 270, "texture": "#3"}
			}
		},
		{
			"from": [3, 0, 2],
			"to": [3, 14, 3],
			"rotation": {"angle": -45, "axis": "y", "origin": [3, 0, 2], "rescale": true},
			"faces": {
				"north": {"uv": [0, 0, 0, 14], "texture": "#missing"},
				"east": {"uv": [13, 2, 14, 16], "texture": "#2"},
				"south": {"uv": [0, 0, 0, 14], "texture": "#missing"},
				"up": {"uv": [0, 0, 0, 1], "texture": "#missing"},
				"down": {"uv": [0, 0, 0, 1], "texture": "#missing"}
			}
		},
		{
			"from": [3, 0, 8],
			"to": [3, 14, 9],
			"rotation": {"angle": -45, "axis": "y", "origin": [3, 0, 8], "rescale": true},
			"faces": {
				"north": {"uv": [0, 0, 0, 14], "texture": "#missing"},
				"east": {"uv": [7, 2, 8, 16], "texture": "#2"},
				"south": {"uv": [0, 0, 0, 14], "texture": "#missing"},
				"up": {"uv": [0, 0, 0, 1], "texture": "#missing"},
				"down": {"uv": [0, 0, 0, 1], "texture": "#missing"}
			}
		},
		{
			"from": [2, 0, 7],
			"to": [2, 14, 8],
			"rotation": {"angle": 45, "axis": "y", "origin": [2, 0, 7], "rescale": true},
			"faces": {
				"north": {"uv": [0, 0, 0, 14], "texture": "#missing"},
				"east": {"uv": [8, 2, 9, 16], "texture": "#2"},
				"south": {"uv": [0, 0, 0, 14], "texture": "#missing"},
				"up": {"uv": [0, 0, 0, 1], "texture": "#missing"},
				"down": {"uv": [0, 0, 0, 1], "texture": "#missing"}
			}
		},
		{
			"from": [2, 0, 13],
			"to": [2, 14, 14],
			"rotation": {"angle": 45, "axis": "y", "origin": [2, 0, 13], "rescale": true},
			"faces": {
				"north": {"uv": [0, 0, 0, 14], "texture": "#missing"},
				"east": {"uv": [2, 2, 3, 16], "texture": "#2"},
				"south": {"uv": [0, 0, 0, 14], "texture": "#missing"},
				"up": {"uv": [0, 0, 0, 1], "texture": "#missing"},
				"down": {"uv": [0, 0, 0, 1], "texture": "#missing"}
			}
		},
		{
			"from": [2, 2, 2],
			"to": [2, 3, 14],
			"rotation": {"angle": -45, "axis": "z", "origin": [2, 2, 2], "rescale": true},
			"faces": {
				"north": {"uv": [0, 0, 0, 1], "texture": "#missing"},
				"east": {"uv": [2, 13, 14, 14], "texture": "#2"},
				"south": {"uv": [0, 0, 0, 1], "texture": "#missing"},
				"up": {"uv": [0, 0, 0, 12], "texture": "#missing"},
				"down": {"uv": [0, 0, 0, 12], "texture": "#missing"}
			}
		},
		{
			"from": [2, 13, 2],
			"to": [2, 14, 14],
			"rotation": {"angle": -45, "axis": "z", "origin": [2, 13, 2], "rescale": true},
			"faces": {
				"north": {"uv": [0, 0, 0, 1], "texture": "#missing"},
				"east": {"uv": [2, 2, 14, 3], "texture": "#2"},
				"south": {"uv": [0, 0, 0, 1], "texture": "#missing"},
				"up": {"uv": [0, 0, 0, 12], "texture": "#missing"},
				"down": {"uv": [0, 0, 0, 12], "texture": "#missing"}
			}
		},
		{
			"from": [2, 8, 2],
			"to": [2, 9, 14],
			"rotation": {"angle": -45, "axis": "z", "origin": [2, 8, 2], "rescale": true},
			"faces": {
				"north": {"uv": [0, 0, 0, 1], "texture": "#missing"},
				"east": {"uv": [2, 7, 14, 8], "texture": "#2"},
				"south": {"uv": [0, 0, 0, 1], "texture": "#missing"},
				"up": {"uv": [0, 0, 0, 12], "texture": "#missing"},
				"down": {"uv": [0, 0, 0, 12], "texture": "#missing"}
			}
		},
		{
			"from": [3, 9, 2],
			"to": [3, 10, 14],
			"rotation": {"angle": 45, "axis": "z", "origin": [3, 9, 2], "rescale": true},
			"faces": {
				"north": {"uv": [0, 0, 0, 1], "texture": "#missing"},
				"east": {"uv": [2, 6, 14, 7], "texture": "#2"},
				"south": {"uv": [0, 0, 0, 1], "texture": "#missing"},
				"up": {"uv": [0, 0, 0, 12], "texture": "#missing"},
				"down": {"uv": [0, 0, 0, 12], "texture": "#missing"}
			}
		},
		{
			"from": [3, 4, 2],
			"to": [3, 5, 14],
			"rotation": {"angle": 45, "axis": "z", "origin": [3, 4, 2], "rescale": true},
			"faces": {
				"north": {"uv": [0, 0, 0, 1], "texture": "#missing"},
				"east": {"uv": [2, 11, 14, 12], "texture": "#2"},
				"south": {"uv": [0, 0, 0, 1], "texture": "#missing"},
				"up": {"uv": [0, 0, 0, 12], "texture": "#missing"},
				"down": {"uv": [0, 0, 0, 12], "texture": "#missing"}
			}
		},
		{
			"from": [-0.5, 1, 2],
			"to": [3.5, 2, 5],
			"rotation": {"angle": 0, "axis": "y", "origin": [8, 9, 10]},
			"faces": {
				"north": {"uv": [2, 14, 3, 15], "texture": "#top"},
				"east": {"uv": [11, 14, 14, 15], "texture": "#2"},
				"south": {"uv": [4, 14, 5, 15], "texture": "#top"},
				"west": {"uv": [2, 14, 5, 15], "texture": "#top"},
				"up": {"uv": [2, 14, 5, 15], "rotation": 90, "texture": "#top"},
				"down": {"uv": [2, 14, 5, 15], "rotation": 270, "texture": "#top"}
			}
		},
		{
			"from": [-0.5, 0, 4],
			"to": [3.5, 1, 5],
			"rotation": {"angle": 0, "axis": "y", "origin": [8, 8, 10]},
			"faces": {
				"north": {"uv": [4, 15, 5, 16], "texture": "#top"},
				"east": {"uv": [11, 15, 12, 16], "texture": "#2"},
				"south": {"uv": [4, 15, 5, 16], "texture": "#top"},
				"west": {"uv": [4, 15, 5, 16], "texture": "#top"},
				"up": {"uv": [4, 15, 5, 16], "rotation": 90, "texture": "#top"},
				"down": {"uv": [4, 15, 5, 16], "rotation": 270, "texture": "#top"}
			}
		},
		{
			"from": [1, 5, 3],
			"to": [2, 5, 13],
			"rotation": {"angle": 0, "axis": "y", "origin": [9, 13, 11]},
			"faces": {
				"north": {"uv": [0, 0, 1, 0], "texture": "#missing"},
				"east": {"uv": [0, 0, 10, 0], "texture": "#missing"},
				"south": {"uv": [0, 0, 1, 0], "texture": "#missing"},
				"west": {"uv": [0, 0, 10, 0], "texture": "#missing"},
				"up": {"uv": [3, 11, 13, 12], "rotation": 270, "texture": "#2"}
			}
		},
		{
			"from": [1, 10, 3],
			"to": [2, 10, 13],
			"rotation": {"angle": 0, "axis": "y", "origin": [9, 18, 11]},
			"faces": {
				"north": {"uv": [0, 0, 1, 0], "texture": "#missing"},
				"east": {"uv": [0, 0, 10, 0], "texture": "#missing"},
				"south": {"uv": [0, 0, 1, 0], "texture": "#missing"},
				"west": {"uv": [0, 0, 10, 0], "texture": "#missing"},
				"up": {"uv": [3, 6, 13, 7], "rotation": 270, "texture": "#2"}
			}
		},
		{
			"from": [1, 8, 3],
			"to": [2, 8, 13],
			"rotation": {"angle": 0, "axis": "y", "origin": [9, 16, 9]},
			"faces": {
				"north": {"uv": [0, 0, 1, 0], "texture": "#missing"},
				"east": {"uv": [0, 0, 10, 0], "texture": "#missing"},
				"south": {"uv": [0, 0, 1, 0], "texture": "#missing"},
				"west": {"uv": [0, 0, 10, 0], "texture": "#missing"},
				"down": {"uv": [3, 7, 13, 8], "rotation": 90, "texture": "#2"}
			}
		},
		{
			"from": [1, 13, 3],
			"to": [2, 13, 13],
			"rotation": {"angle": 0, "axis": "y", "origin": [9, 21, 9]},
			"faces": {
				"north": {"uv": [0, 0, 1, 0], "texture": "#missing"},
				"east": {"uv": [0, 0, 10, 0], "texture": "#missing"},
				"south": {"uv": [0, 0, 1, 0], "texture": "#missing"},
				"west": {"uv": [0, 0, 10, 0], "texture": "#missing"},
				"down": {"uv": [3, 2, 13, 3], "rotation": 90, "texture": "#2"}
			}
		},
		{
			"from": [1, 5, 13],
			"to": [2, 13, 13],
			"rotation": {"angle": 0, "axis": "y", "origin": [9, 13, 21]},
			"faces": {
				"north": {"uv": [2, 3, 3, 11], "texture": "#2"},
				"east": {"uv": [0, 0, 0, 8], "texture": "#missing"}
			}
		},
		{
			"from": [1, 5, 7],
			"to": [2, 13, 9],
			"rotation": {"angle": 0, "axis": "y", "origin": [9, 13, 15]},
			"faces": {
				"north": {"uv": [8, 3, 9, 11], "texture": "#2"},
				"east": {"uv": [0, 0, 2, 8], "texture": "#missing"},
				"south": {"uv": [7, 3, 8, 11], "texture": "#2"}
			}
		},
		{
			"from": [1, 5, 3],
			"to": [2, 13, 3],
			"rotation": {"angle": 0, "axis": "y", "origin": [9, 13, 11]},
			"faces": {
				"east": {"uv": [0, 0, 0, 8], "texture": "#missing"},
				"south": {"uv": [13, 3, 14, 11], "texture": "#2"}
			}
		}
	],
	"groups": [
		{
			"name": "group",
			"origin": [8, 8, 8],
			"children": [0, 1, 2, 3, 4, 5, 6, 7, 8, 9, 10, 11, 12, 13]
		},
		{
			"name": "group",
			"origin": [8, 8, 8],
			"children": [14, 15, 16, 17, 18, 19, 20, 21, 22]
		}, 23, 24, 25, 26, 27, 28, 29, 30, 31]
}