{
	"credit": "Made with Blockbench",
	"textures": {
		"1": "#rail",
		"2": "block/rail_sleeper_corner",
		"particle": "#rail"
	},
	"elements": [
		{
			"from": [4, 0, 12],
			"to": [7, 1, 14],
			"faces": {
				"north": {"uv": [4, 12, 7, 13], "rotation": 180, "texture": "#2"},
				"east": {"uv": [6, 12, 7, 14], "rotation": 90, "texture": "#2"},
				"south": {"uv": [4, 13, 7, 14], "texture": "#2"},
				"west": {"uv": [4, 12, 5, 14], "rotation": 270, "texture": "#2"},
				"up": {"uv": [4, 12, 7, 14], "texture": "#2"},
				"down": {"uv": [4, 14, 7, 12], "texture": "#2"}
			}
		},
		{
			"from": [7, 0, 13],
			"to": [10, 1, 15],
			"faces": {
				"north": {"uv": [7, 13, 10, 14], "rotation": 180, "texture": "#2"},
				"east": {"uv": [9, 13, 10, 15], "rotation": 90, "texture": "#2"},
				"south": {"uv": [7, 14, 10, 15], "texture": "#2"},
				"west": {"uv": [7, 13, 8, 15], "rotation": 270, "texture": "#2"},
				"up": {"uv": [7, 13, 10, 15], "texture": "#2"},
				"down": {"uv": [7, 15, 10, 13], "texture": "#2"}
			}
		},
		{
			"from": [1, 0, 11],
			"to": [4, 1, 13],
			"faces": {
				"north": {"uv": [7, 13, 10, 14], "rotation": 180, "texture": "#2"},
				"east": {"uv": [3, 11, 4, 13], "rotation": 90, "texture": "#2"},
				"south": {"uv": [1, 12, 4, 13], "texture": "#2"},
				"west": {"uv": [1, 11, 2, 13], "rotation": 270, "texture": "#2"},
				"up": {"uv": [1, 11, 4, 13], "texture": "#2"},
				"down": {"uv": [1, 13, 4, 11], "texture": "#2"}
			}
		},
		{
			"from": [10, 0, 14],
			"to": [14, 1, 16],
			"faces": {
				"north": {"uv": [10, 14, 14, 15], "rotation": 180, "texture": "#2"},
				"east": {"uv": [13, 14, 14, 16], "rotation": 90, "texture": "#2"},
				"south": {"uv": [10, 15, 14, 16], "texture": "#2"},
				"west": {"uv": [10, 14, 11, 16], "rotation": 270, "texture": "#2"},
				"up": {"uv": [10, 14, 14, 16], "texture": "#2"},
				"down": {"uv": [10, 16, 14, 14], "texture": "#2"}
			}
		},
		{
			"from": [14, 0, 15],
			"to": [15, 1, 16],
			"faces": {
				"north": {"uv": [14, 15, 15, 16], "rotation": 180, "texture": "#2"},
				"east": {"uv": [14, 15, 15, 16], "rotation": 90, "texture": "#2"},
				"south": {"uv": [14, 15, 15, 16], "texture": "#2"},
				"west": {"uv": [14, 15, 15, 16], "rotation": 270, "texture": "#2"},
				"up": {"uv": [14, 15, 15, 16], "texture": "#2"},
				"down": {"uv": [14, 16, 15, 15], "texture": "#2"}
			}
		},
		{
			"from": [11, 0, 12],
			"to": [14, 1, 13],
			"faces": {
				"north": {"uv": [11, 12, 14, 13], "rotation": 180, "texture": "#2"},
				"east": {"uv": [13, 12, 14, 13], "rotation": 90, "texture": "#2"},
				"south": {"uv": [11, 12, 14, 13], "texture": "#2"},
				"west": {"uv": [11, 12, 12, 13], "rotation": 270, "texture": "#2"},
				"up": {"uv": [11, 12, 14, 13], "texture": "#2"},
				"down": {"uv": [11, 13, 14, 12], "texture": "#2"}
			}
		},
		{
			"from": [12, 0, 13],
			"to": [15, 1, 14],
			"faces": {
				"north": {"uv": [12, 13, 15, 14], "rotation": 180, "texture": "#2"},
				"east": {"uv": [14, 13, 15, 14], "rotation": 90, "texture": "#2"},
				"south": {"uv": [12, 13, 15, 14], "texture": "#2"},
				"west": {"uv": [12, 13, 13, 14], "rotation": 270, "texture": "#2"},
				"up": {"uv": [12, 13, 15, 14], "texture": "#2"},
				"down": {"uv": [12, 14, 15, 13], "texture": "#2"}
			}
		},
		{
			"from": [10, 0, 11],
			"to": [13, 1, 12],
			"faces": {
				"north": {"uv": [10, 11, 13, 12], "rotation": 180, "texture": "#2"},
				"east": {"uv": [12, 11, 13, 12], "rotation": 90, "texture": "#2"},
				"south": {"uv": [10, 11, 13, 12], "texture": "#2"},
				"west": {"uv": [10, 11, 11, 12], "rotation": 270, "texture": "#2"},
				"up": {"uv": [10, 11, 13, 12], "texture": "#2"},
				"down": {"uv": [10, 12, 13, 11], "texture": "#2"}
			}
		},
		{
			"from": [9, 0, 10],
			"to": [12, 1, 11],
			"faces": {
				"north": {"uv": [9, 10, 12, 11], "rotation": 180, "texture": "#2"},
				"east": {"uv": [11, 10, 12, 11], "rotation": 90, "texture": "#2"},
				"south": {"uv": [9, 10, 12, 11], "texture": "#2"},
				"west": {"uv": [9, 10, 10, 11], "rotation": 270, "texture": "#2"},
				"up": {"uv": [9, 10, 12, 11], "texture": "#2"},
				"down": {"uv": [9, 11, 12, 10], "texture": "#2"}
			}
		},
		{
			"from": [8, 0, 9],
			"to": [11, 1, 10],
			"faces": {
				"north": {"uv": [8, 9, 11, 10], "rotation": 180, "texture": "#2"},
				"east": {"uv": [10, 9, 11, 10], "rotation": 90, "texture": "#2"},
				"south": {"uv": [8, 9, 11, 10], "texture": "#2"},
				"west": {"uv": [8, 9, 9, 10], "rotation": 270, "texture": "#2"},
				"up": {"uv": [8, 9, 11, 10], "texture": "#2"},
				"down": {"uv": [8, 10, 11, 9], "texture": "#2"}
			}
		},
		{
			"from": [7, 0, 8],
			"to": [10, 1, 9],
			"faces": {
				"north": {"uv": [7, 8, 10, 9], "rotation": 180, "texture": "#2"},
				"east": {"uv": [9, 8, 10, 9], "rotation": 90, "texture": "#2"},
				"south": {"uv": [7, 8, 10, 9], "texture": "#2"},
				"west": {"uv": [7, 8, 8, 9], "rotation": 270, "texture": "#2"},
				"up": {"uv": [7, 8, 10, 9], "texture": "#2"},
				"down": {"uv": [7, 9, 10, 8], "texture": "#2"}
			}
		},
		{
			"from": [6, 0, 7],
			"to": [9, 1, 8],
			"faces": {
				"north": {"uv": [6, 7, 9, 8], "rotation": 180, "texture": "#2"},
				"east": {"uv": [8, 7, 9, 8], "rotation": 90, "texture": "#2"},
				"south": {"uv": [6, 7, 9, 8], "texture": "#2"},
				"west": {"uv": [6, 7, 7, 8], "rotation": 270, "texture": "#2"},
				"up": {"uv": [6, 7, 9, 8], "texture": "#2"},
				"down": {"uv": [6, 8, 9, 7], "texture": "#2"}
			}
		},
		{
			"from": [5, 0, 6],
			"to": [8, 1, 7],
			"faces": {
				"north": {"uv": [5, 6, 8, 7], "rotation": 180, "texture": "#2"},
				"east": {"uv": [7, 6, 8, 7], "rotation": 90, "texture": "#2"},
				"south": {"uv": [5, 6, 8, 7], "texture": "#2"},
				"west": {"uv": [5, 6, 6, 7], "rotation": 270, "texture": "#2"},
				"up": {"uv": [5, 6, 8, 7], "texture": "#2"},
				"down": {"uv": [5, 7, 8, 6], "texture": "#2"}
			}
		},
		{
			"from": [5, 0, 5],
			"to": [7, 1, 6],
			"faces": {
				"north": {"uv": [5, 5, 7, 6], "rotation": 180, "texture": "#2"},
				"east": {"uv": [6, 5, 7, 6], "rotation": 90, "texture": "#2"},
				"south": {"uv": [5, 5, 7, 6], "texture": "#2"},
				"west": {"uv": [5, 5, 6, 6], "rotation": 270, "texture": "#2"},
				"up": {"uv": [5, 5, 7, 6], "texture": "#2"},
				"down": {"uv": [5, 6, 7, 5], "texture": "#2"}
			}
		},
		{
			"from": [14, 0, 14],
			"to": [15, 1, 15],
			"faces": {
				"north": {"uv": [14, 14, 15, 15], "rotation": 180, "texture": "#2"},
				"east": {"uv": [14, 14, 15, 15], "rotation": 90, "texture": "#2"},
				"south": {"uv": [14, 14, 15, 15], "texture": "#2"},
				"west": {"uv": [14, 14, 15, 15], "rotation": 270, "texture": "#2"},
				"up": {"uv": [14, 14, 15, 15], "texture": "#2"},
				"down": {"uv": [14, 15, 15, 14], "texture": "#2"}
			}
		},
		{
			"from": [15, 0, 13],
			"to": [16, 1, 15],
			"faces": {
				"north": {"uv": [15, 13, 16, 14], "rotation": 180, "texture": "#2"},
				"east": {"uv": [15, 13, 16, 15], "rotation": 90, "texture": "#2"},
				"south": {"uv": [15, 14, 16, 15], "texture": "#2"},
				"west": {"uv": [15, 13, 16, 15], "rotation": 270, "texture": "#2"},
				"up": {"uv": [15, 13, 16, 15], "texture": "#2"},
				"down": {"uv": [15, 15, 16, 13], "texture": "#2"}
			}
		},
		{
			"from": [14, 0, 10],
			"to": [16, 1, 13],
			"faces": {
				"north": {"uv": [14, 10, 16, 11], "rotation": 180, "texture": "#2"},
				"east": {"uv": [15, 10, 16, 13], "rotation": 90, "texture": "#2"},
				"south": {"uv": [14, 12, 16, 13], "texture": "#2"},
				"west": {"uv": [14, 10, 15, 13], "rotation": 270, "texture": "#2"},
				"up": {"uv": [14, 10, 16, 13], "texture": "#2"},
				"down": {"uv": [14, 13, 16, 10], "texture": "#2"}
			}
		},
		{
			"from": [13, 0, 7],
			"to": [15, 1, 10],
			"faces": {
				"north": {"uv": [13, 7, 15, 8], "rotation": 180, "texture": "#2"},
				"east": {"uv": [14, 7, 15, 10], "rotation": 90, "texture": "#2"},
				"south": {"uv": [13, 9, 15, 10], "texture": "#2"},
				"west": {"uv": [13, 7, 14, 10], "rotation": 270, "texture": "#2"},
				"up": {"uv": [13, 7, 15, 10], "texture": "#2"},
				"down": {"uv": [13, 10, 15, 7], "texture": "#2"}
			}
		},
		{
			"from": [12, 0, 4],
			"to": [14, 1, 7],
			"faces": {
				"north": {"uv": [12, 4, 14, 5], "rotation": 180, "texture": "#2"},
				"east": {"uv": [13, 4, 14, 7], "rotation": 90, "texture": "#2"},
				"south": {"uv": [12, 6, 14, 7], "texture": "#2"},
				"west": {"uv": [12, 4, 13, 7], "rotation": 270, "texture": "#2"},
				"up": {"uv": [12, 4, 14, 7], "texture": "#2"},
				"down": {"uv": [12, 7, 14, 4], "texture": "#2"}
			}
		},
		{
			"from": [11, 0, 1],
			"to": [13, 1, 4],
			"faces": {
				"north": {"uv": [11, 1, 13, 2], "rotation": 180, "texture": "#2"},
				"east": {"uv": [12, 1, 13, 4], "rotation": 90, "texture": "#2"},
				"south": {"uv": [11, 3, 13, 4], "texture": "#2"},
				"west": {"uv": [11, 1, 12, 4], "rotation": 270, "texture": "#2"},
				"up": {"uv": [11, 1, 13, 4], "texture": "#2"},
				"down": {"uv": [11, 4, 13, 1], "texture": "#2"}
			}
		},
		{
			"from": [2, 1, 12],
			"to": [4, 2, 16],
			"faces": {
				"north": {"uv": [2, 12, 4, 13], "rotation": 180, "texture": "#1"},
				"east": {"uv": [3, 12, 4, 16], "rotation": 90, "texture": "#1"},
				"south": {"uv": [2, 15, 4, 16], "texture": "#1"},
				"west": {"uv": [2, 12, 3, 16], "rotation": 270, "texture": "#1"},
				"up": {"uv": [2, 12, 4, 16], "texture": "#1"},
				"down": {"uv": [2, 16, 4, 12], "texture": "#1"}
			}
		},
		{
			"from": [3, 1, 10],
			"to": [5, 2, 12],
			"faces": {
				"north": {"uv": [3, 10, 5, 11], "rotation": 180, "texture": "#1"},
				"east": {"uv": [4, 10, 5, 12], "rotation": 90, "texture": "#1"},
				"south": {"uv": [3, 11, 5, 12], "texture": "#1"},
				"west": {"uv": [3, 10, 4, 12], "rotation": 270, "texture": "#1"},
				"up": {"uv": [3, 10, 5, 12], "texture": "#1"},
				"down": {"uv": [3, 12, 5, 10], "texture": "#1"}
			}
		},
		{
			"from": [4, 1, 8],
			"to": [6, 2, 10],
			"faces": {
				"north": {"uv": [4, 8, 6, 9], "rotation": 180, "texture": "#1"},
				"east": {"uv": [5, 8, 6, 10], "rotation": 90, "texture": "#1"},
				"south": {"uv": [4, 9, 6, 10], "texture": "#1"},
				"west": {"uv": [4, 8, 5, 10], "rotation": 270, "texture": "#1"},
				"up": {"uv": [4, 8, 6, 10], "texture": "#1"},
				"down": {"uv": [4, 10, 6, 8], "texture": "#1"}
			}
		},
		{
			"from": [5, 1, 7],
			"to": [7, 2, 8],
			"faces": {
				"north": {"uv": [5, 7, 7, 8], "rotation": 180, "texture": "#1"},
				"east": {"uv": [6, 7, 7, 8], "rotation": 90, "texture": "#1"},
				"south": {"uv": [5, 7, 7, 8], "texture": "#1"},
				"west": {"uv": [5, 7, 6, 8], "rotation": 270, "texture": "#1"},
				"up": {"uv": [5, 7, 7, 8], "texture": "#1"},
				"down": {"uv": [5, 8, 7, 7], "texture": "#1"}
			}
		},
		{
			"from": [12, 1, 14],
			"to": [14, 2, 16],
			"faces": {
				"north": {"uv": [12, 14, 14, 15], "rotation": 180, "texture": "#1"},
				"east": {"uv": [13, 14, 14, 16], "rotation": 90, "texture": "#1"},
				"south": {"uv": [12, 15, 14, 16], "texture": "#1"},
				"west": {"uv": [12, 14, 13, 16], "rotation": 270, "texture": "#1"},
				"up": {"uv": [12, 14, 14, 16], "texture": "#1"},
				"down": {"uv": [12, 16, 14, 14], "texture": "#1"}
			}
		},
		{
			"from": [14, 1, 12],
			"to": [16, 2, 14],
			"faces": {
				"north": {"uv": [14, 12, 16, 13], "rotation": 180, "texture": "#1"},
				"east": {"uv": [15, 12, 16, 14], "rotation": 90, "texture": "#1"},
				"south": {"uv": [14, 13, 16, 14], "texture": "#1"},
				"west": {"uv": [14, 12, 15, 14], "rotation": 270, "texture": "#1"},
				"up": {"uv": [14, 12, 16, 14], "texture": "#1"},
				"down": {"uv": [14, 14, 16, 12], "texture": "#1"}
			}
		},
		{
			"from": [12, 1, 2],
			"to": [16, 2, 4],
			"faces": {
				"north": {"uv": [12, 2, 16, 3], "rotation": 180, "texture": "#1"},
				"east": {"uv": [15, 2, 16, 4], "rotation": 90, "texture": "#1"},
				"south": {"uv": [12, 3, 16, 4], "texture": "#1"},
				"west": {"uv": [12, 2, 13, 4], "rotation": 270, "texture": "#1"},
				"up": {"uv": [12, 2, 16, 4], "texture": "#1"},
				"down": {"uv": [12, 4, 16, 2], "texture": "#1"}
			}
		},
		{
			"from": [10, 1, 3],
			"to": [12, 2, 5],
			"faces": {
				"north": {"uv": [10, 3, 12, 4], "rotation": 180, "texture": "#1"},
				"east": {"uv": [11, 3, 12, 5], "rotation": 90, "texture": "#1"},
				"south": {"uv": [10, 4, 12, 5], "texture": "#1"},
				"west": {"uv": [10, 3, 11, 5], "rotation": 270, "texture": "#1"},
				"up": {"uv": [10, 3, 12, 5], "texture": "#1"},
				"down": {"uv": [10, 5, 12, 3], "texture": "#1"}
			}
		},
		{
			"from": [8, 1, 4],
			"to": [10, 2, 6],
			"faces": {
				"north": {"uv": [8, 4, 10, 5], "rotation": 180, "texture": "#1"},
				"east": {"uv": [9, 4, 10, 6], "rotation": 90, "texture": "#1"},
				"south": {"uv": [8, 5, 10, 6], "texture": "#1"},
				"west": {"uv": [8, 4, 9, 6], "rotation": 270, "texture": "#1"},
				"up": {"uv": [8, 4, 10, 6], "texture": "#1"},
				"down": {"uv": [8, 6, 10, 4], "texture": "#1"}
			}
		},
		{
			"from": [7, 1, 5],
			"to": [8, 2, 7],
			"faces": {
				"north": {"uv": [7, 5, 8, 6], "rotation": 180, "texture": "#1"},
				"east": {"uv": [7, 5, 8, 7], "rotation": 90, "texture": "#1"},
				"south": {"uv": [7, 6, 8, 7], "texture": "#1"},
				"west": {"uv": [7, 5, 8, 7], "rotation": 270, "texture": "#1"},
				"up": {"uv": [7, 5, 8, 7], "texture": "#1"},
				"down": {"uv": [7, 7, 8, 5], "texture": "#1"}
			}
		},
		{
			"from": [6, 1, 6],
			"to": [7, 2, 7],
			"faces": {
				"north": {"uv": [6, 6, 7, 7], "rotation": 180, "texture": "#1"},
				"east": {"uv": [6, 6, 7, 7], "rotation": 90, "texture": "#1"},
				"south": {"uv": [6, 6, 7, 7], "texture": "#1"},
				"west": {"uv": [6, 6, 7, 7], "rotation": 270, "texture": "#1"},
				"up": {"uv": [6, 6, 7, 7], "texture": "#1"},
				"down": {"uv": [6, 7, 7, 6], "texture": "#1"}
			}
		},
		{
			"from": [13, 1, 13],
			"to": [14, 2, 14],
			"faces": {
				"north": {"uv": [13, 13, 14, 14], "rotation": 180, "texture": "#1"},
				"east": {"uv": [13, 13, 14, 14], "rotation": 90, "texture": "#1"},
				"south": {"uv": [13, 13, 14, 14], "texture": "#1"},
				"west": {"uv": [13, 13, 14, 14], "rotation": 270, "texture": "#1"},
				"up": {"uv": [13, 13, 14, 14], "texture": "#1"},
				"down": {"uv": [13, 14, 14, 13], "texture": "#1"}
			}
		}
	],
	"groups": [
		{
			"name": "group",
			"origin": [8, 8, 8],
			"children": [0, 1, 2, 3, 4]
		},
		{
			"name": "group",
			"origin": [8, 8, 8],
			"children": [5, 6, 7, 8, 9, 10, 11, 12, 13, 14]
		},
		{
			"name": "group",
			"origin": [8, 8, 8],
			"children": [15, 16, 17, 18, 19]
		},
		{
			"name": "rail",
			"origin": [8, 8, 8],
			"children": [20, 21, 22, 23, 24, 25, 26, 27, 28, 29, 30, 31]
		}
	]
}