{
	"credit": "Made with Blockbench",
	"ambientocclusion": false,
	"textures": {
		"0": "#rail",
		"1": "block/rail_sleeper",
		"particle": "#rail"
	},
	"elements": [
		{
			"from": [1, 8, 1],
			"to": [15, 9, 3],
			"rotation": {"angle": -45, "axis": "x", "origin": [8, 8, 8], "rescale": true},
			"faces": {
				"north": {"uv": [15, 1, 1, 2], "texture": "#1"},
				"east": {"uv": [14, 1, 15, 3], "rotation": 90, "texture": "#0"},
				"south": {"uv": [1, 2, 15, 3], "texture": "#1"},
				"west": {"uv": [1, 1, 2, 3], "rotation": 270, "texture": "#0"},
				"up": {"uv": [1, 1, 15, 3], "texture": "#0"},
				"down": {"uv": [1, 3, 15, 1], "texture": "#1"}
			}
		},
		{
			"from": [1, 8, 5],
			"to": [15, 9, 7],
			"rotation": {"angle": -45, "axis": "x", "origin": [8, 8, 8], "rescale": true},
			"faces": {
				"north": {"uv": [15, 5, 1, 6], "texture": "#1"},
				"east": {"uv": [14, 5, 15, 7], "rotation": 90, "texture": "#0"},
				"south": {"uv": [1, 6, 15, 7], "texture": "#1"},
				"west": {"uv": [1, 5, 2, 7], "rotation": 270, "texture": "#0"},
				"up": {"uv": [1, 5, 15, 7], "texture": "#0"},
				"down": {"uv": [1, 7, 15, 5], "texture": "#1"}
			}
		},
		{
			"from": [1, 8, 9],
			"to": [15, 9, 11],
			"rotation": {"angle": -45, "axis": "x", "origin": [8, 8, 8], "rescale": true},
			"faces": {
				"north": {"uv": [15, 9, 1, 10], "texture": "#1"},
				"east": {"uv": [14, 9, 15, 11], "rotation": 90, "texture": "#0"},
				"south": {"uv": [1, 10, 15, 11], "texture": "#1"},
				"west": {"uv": [1, 9, 2, 11], "rotation": 270, "texture": "#0"},
				"up": {"uv": [1, 9, 15, 11], "texture": "#0"},
				"down": {"uv": [1, 11, 15, 9], "texture": "#1"}
			}
		},
		{
			"from": [1, 8, 13],
			"to": [15, 9, 15],
			"rotation": {"angle": -45, "axis": "x", "origin": [8, 8, 8], "rescale": true},
			"faces": {
				"north": {"uv": [15, 13, 1, 14], "texture": "#1"},
				"east": {"uv": [14, 13, 15, 15], "rotation": 90, "texture": "#0"},
				"south": {"uv": [1, 14, 15, 15], "texture": "#1"},
				"west": {"uv": [1, 13, 2, 15], "rotation": 270, "texture": "#0"},
				"up": {"uv": [1, 13, 15, 15], "texture": "#0"},
				"down": {"uv": [1, 15, 15, 13], "texture": "#1"}
			}
		},
		{
			"from": [2, 9, -1],
			"to": [4, 10, 16],
			"rotation": {"angle": -45, "axis": "x", "origin": [8, 8, 8], "rescale": true},
			"faces": {
				"north": {"uv": [4, 0, 2, 1], "texture": "#0"},
				"east": {"uv": [3, 0, 4, 16], "rotation": 270, "texture": "#0"},
				"south": {"uv": [2, 15, 4, 16], "texture": "#0"},
				"west": {"uv": [2, 0, 3, 16], "rotation": 270, "texture": "#0"},
				"up": {"uv": [2, 0, 4, 16], "texture": "#0"},
				"down": {"uv": [2, 0, 4, 16], "texture": "#0"}
			}
		},
		{
			"from": [2, 17, 14],
			"to": [4, 18, 16],
			"rotation": {"angle": 0, "axis": "x", "origin": [8, 16, 23]},
			"faces": {
				"north": {"uv": [4, 15, 2, 16], "texture": "#0"},
				"east": {"uv": [3, 15, 4, 16], "rotation": 270, "texture": "#0"},
				"south": {"uv": [2, 15, 4, 16], "texture": "#0"},
				"west": {"uv": [2, 15, 3, 16], "rotation": 270, "texture": "#0"},
				"up": {"uv": [2, 15, 4, 16], "texture": "#0"},
				"down": {"uv": [2, 15, 4, 16], "texture": "#0"}
			}
		},
		{
			"from": [12, 9, -1],
			"to": [14, 10, 16],
			"rotation": {"angle": -45, "axis": "x", "origin": [8, 8, 8], "rescale": true},
			"faces": {
				"north": {"uv": [14, 0, 12, 1], "texture": "#0"},
				"east": {"uv": [13, 0, 14, 16], "rotation": 90, "texture": "#0"},
				"south": {"uv": [12, 15, 14, 16], "texture": "#0"},
				"west": {"uv": [12, 0, 13, 16], "rotation": 270, "texture": "#0"},
				"up": {"uv": [12, 0, 14, 16], "texture": "#0"},
				"down": {"uv": [12, 0, 14, 16], "texture": "#0"}
			}
		},
		{
			"from": [12, 17, 14],
			"to": [14, 18, 16],
			"rotation": {"angle": 0, "axis": "x", "origin": [8, 16, 23]},
			"faces": {
				"north": {"uv": [14, 15, 12, 16], "texture": "#0"},
				"east": {"uv": [13, 15, 14, 16], "rotation": 90, "texture": "#0"},
				"south": {"uv": [12, 15, 14, 16], "texture": "#0"},
				"west": {"uv": [12, 15, 13, 16], "rotation": 270, "texture": "#0"},
				"up": {"uv": [12, 15, 14, 16], "texture": "#0"},
				"down": {"uv": [12, 15, 14, 16], "texture": "#0"}
			}
		},
		{
			"from": [7, 8.0025, 0],
			"to": [9, 8.995, 16],
			"rotation": {"angle": -45, "axis": "x", "origin": [8, 8, 8], "rescale": true},
			"faces": {
				"north": {"uv": [7, 0, 9, 1], "texture": "#0"},
				"east": {"uv": [7, 0, 8, 16], "rotation": 90, "texture": "#0"},
				"south": {"uv": [7, 15, 9, 16], "texture": "#0"},
				"west": {"uv": [8, 0, 9, 16], "rotation": 90, "texture": "#0"},
				"up": {"uv": [7, 0, 9, 16], "texture": "#0"},
				"down": {"uv": [7, 16, 9, 0], "texture": "#0"}
			}
		},
		{
			"from": [5, 8.005, 7],
			"to": [11, 8.99, 9],
			"rotation": {"angle": -45, "axis": "x", "origin": [8, 8, 8], "rescale": true},
			"faces": {
				"north": {"uv": [0, 0, 6, 1], "texture": "#missing"},
				"east": {"uv": [10, 7, 11, 9], "rotation": 90, "texture": "#0"},
				"south": {"uv": [0, 0, 6, 1], "texture": "#missing"},
				"west": {"uv": [5, 7, 6, 9], "rotation": 270, "texture": "#0"},
				"up": {"uv": [5, 7, 11, 9], "texture": "#0"},
				"down": {"uv": [11, 7, 5, 9], "texture": "#0"}
			}
		},
		{
			"from": [4, 8.0025, 0],
			"to": [5, 8.995, 16],
			"rotation": {"angle": -45, "axis": "x", "origin": [8, 8, 8], "rescale": true},
			"faces": {
				"north": {"uv": [4, 0, 5, 1], "texture": "#0"},
				"east": {"uv": [4, 0, 5, 16], "rotation": 270, "texture": "#0"},
				"south": {"uv": [4, 15, 5, 16], "texture": "#0"},
				"west": {"uv": [4, 0, 5, 16], "rotation": 90, "texture": "#0"},
				"up": {"uv": [4, 0, 5, 16], "texture": "#0"},
				"down": {"uv": [4, 16, 5, 0], "texture": "#0"}
			}
		},
		{
			"from": [4, 16, 15],
			"to": [5, 17, 16],
			"rotation": {"angle": 0, "axis": "x", "origin": [8, 16, 23]},
			"faces": {
				"north": {"uv": [4, 15, 5, 16], "texture": "#0"},
				"east": {"uv": [4, 15, 5, 16], "rotation": 270, "texture": "#0"},
				"south": {"uv": [4, 15, 5, 16], "texture": "#0"},
				"west": {"uv": [4, 15, 5, 16], "rotation": 90, "texture": "#0"},
				"up": {"uv": [4, 15, 5, 16], "texture": "#0"},
				"down": {"uv": [4, 16, 5, 15], "texture": "#0"}
			}
		},
		{
			"from": [11, 8.0025, 0],
			"to": [12, 8.995, 16],
			"rotation": {"angle": -45, "axis": "x", "origin": [8, 8, 8], "rescale": true},
			"faces": {
				"north": {"uv": [11, 0, 12, 1], "texture": "#0"},
				"east": {"uv": [11, 0, 12, 16], "rotation": 270, "texture": "#0"},
				"south": {"uv": [11, 15, 12, 16], "texture": "#0"},
				"west": {"uv": [11, 0, 12, 16], "rotation": 90, "texture": "#0"},
				"up": {"uv": [11, 0, 12, 16], "texture": "#0"},
				"down": {"uv": [11, 16, 12, 0], "texture": "#0"}
			}
		},
		{
			"from": [11, 16, 15],
			"to": [12, 17, 16],
			"rotation": {"angle": 0, "axis": "x", "origin": [8, 16, 23]},
			"faces": {
				"north": {"uv": [11, 15, 12, 16], "texture": "#0"},
				"east": {"uv": [11, 15, 12, 16], "rotation": 270, "texture": "#0"},
				"south": {"uv": [11, 15, 12, 16], "texture": "#0"},
				"west": {"uv": [11, 15, 12, 16], "rotation": 90, "texture": "#0"},
				"up": {"uv": [11, 15, 12, 16], "texture": "#0"},
				"down": {"uv": [11, 16, 12, 15], "texture": "#0"}
			}
		}
	],
	"display": {
		"thirdperson_righthand": {
			"rotation": [90, 0, 0],
			"translation": [0, 3, 4.75],
			"scale": [0.5, 0.5, 0.5]
		},
		"thirdperson_lefthand": {
			"rotation": [90, 0, 0],
			"translation": [0, 3, 4.75],
			"scale": [0.5, 0.5, 0.5]
		},
		"firstperson_righthand": {
			"rotation": [60, 0, 90],
			"translation": [0, 3.5, 0],
			"scale": [0.5, 0.5, 0.5]
		},
		"firstperson_lefthand": {
			"rotation": [60, 0, 90],
			"translation": [0, 3.5, 0],
			"scale": [0.5, 0.5, 0.5]
		},
		"ground": {
			"rotation": [90, 0, 0],
			"translation": [0, 0, 5],
			"scale": [0.75, 0.75, 0.75]
		},
		"gui": {
			"rotation": [90, 0, 0]
		},
		"fixed": {
			"rotation": [-90, 0, 0],
			"translation": [0, 0, -8]
		}
	}
}