{
	"credit": "Made with Blockbench",
	"parent": "block/door_top",
	"textures": {
		"2": "blocks/door_acacia_upper_m",
		"top": "blocks/door_acacia_upper",
		"particle": "blocks/door_acacia_upper",
		"bottom": "blocks/door_acacia_lower"
	},
	"elements": [
		{
			"from": [0, 0, 0],
			"to": [3, 16, 2],
			"faces": {
				"north": {"uv": [13, 0, 16, 16], "texture": "#2"},
				"east": {"uv": [14, 0, 16, 16], "texture": "#2"},
				"west": {"uv": [0, 0, 2, 16], "texture": "#top"},
				"up": {"uv": [13, 0, 16, 2], "texture": "#bottom"}
			}
		},
		{
			"from": [0, 0, 14],
			"to": [3, 16, 16],
			"rotation": {"angle": 0, "axis": "y", "origin": [8, 8, 22]},
			"faces": {
				"east": {"uv": [0, 0, 2, 16], "texture": "#2"},
				"south": {"uv": [0, 0, 3, 16], "texture": "#top"},
				"west": {"uv": [14, 0, 16, 16], "texture": "#top"},
				"up": {"uv": [13, 14, 16, 16], "texture": "#bottom"}
			}
		},
		{
			"from": [1, 0, 3],
			"to": [2, 1, 12],
			"rotation": {"angle": 0, "axis": "y", "origin": [9, 8, 10]},
			"faces": {
				"up": {"uv": [3, 15, 12, 16], "rotation": 90, "texture": "#top"}
			}
		},
		{
			"from": [1, 0, 12],
			"to": [2, 1, 13],
			"rotation": {"angle": 0, "axis": "y", "origin": [9, 8, 11]},
			"faces": {
				"up": {"uv": [4, 15, 5, 16], "rotation": 90, "texture": "#top"}
			}
		},
		{
			"from": [0, 14, 2],
			"to": [3, 16, 14],
			"rotation": {"angle": 0, "axis": "y", "origin": [8, 22, 10]},
			"faces": {
				"east": {"uv": [2, 0, 14, 2], "texture": "#2"},
				"west": {"uv": [2, 0, 14, 2], "texture": "#top"},
				"up": {"uv": [13, 2, 16, 14], "texture": "#bottom"}
			}
		},
		{
			"from": [1, 13, 2],
			"to": [1, 14, 14],
			"rotation": {"angle": 45, "axis": "z", "origin": [1, 13, 2], "rescale": true},
			"faces": {
				"north": {"uv": [0, 0, 0, 1], "texture": "#missing"},
				"south": {"uv": [0, 0, 0, 1], "texture": "#missing"},
				"west": {"uv": [2, 2, 14, 3], "texture": "#top"},
				"up": {"uv": [0, 0, 0, 12], "texture": "#missing"},
				"down": {"uv": [0, 0, 0, 12], "texture": "#missing"}
			}
		},
		{
			"from": [1, 0, 9],
			"to": [1, 14, 10],
			"rotation": {"angle": -45, "axis": "y", "origin": [1, 0, 9], "rescale": true},
			"faces": {
				"north": {"uv": [0, 0, 0, 14], "texture": "#missing"},
				"south": {"uv": [0, 0, 0, 14], "texture": "#missing"},
				"west": {"uv": [9, 2, 10, 16], "texture": "#top"},
				"up": {"uv": [0, 0, 0, 1], "texture": "#missing"},
				"down": {"uv": [0, 0, 0, 1], "texture": "#missing"}
			}
		},
		{
			"from": [1, 0, 5],
			"to": [1, 14, 6],
			"rotation": {"angle": -45, "axis": "y", "origin": [1, 0, 5], "rescale": true},
			"faces": {
				"north": {"uv": [0, 0, 0, 14], "texture": "#missing"},
				"south": {"uv": [0, 0, 0, 14], "texture": "#missing"},
				"west": {"uv": [5, 2, 6, 16], "texture": "#top"},
				"up": {"uv": [0, 0, 0, 1], "texture": "#missing"},
				"down": {"uv": [0, 0, 0, 1], "texture": "#missing"}
			}
		},
		{
			"from": [1, 1, 13],
			"to": [1, 14, 14],
			"rotation": {"angle": -45, "axis": "y", "origin": [1, 4, 13], "rescale": true},
			"faces": {
				"north": {"uv": [0, 0, 0, 14], "texture": "#missing"},
				"south": {"uv": [0, 0, 0, 14], "texture": "#missing"},
				"west": {"uv": [13, 2, 14, 15], "texture": "#top"},
				"up": {"uv": [0, 0, 0, 1], "texture": "#missing"},
				"down": {"uv": [0, 0, 0, 1], "texture": "#missing"}
			}
		},
		{
			"from": [1, 0, 13],
			"to": [1, 1, 14],
			"rotation": {"angle": -45, "axis": "y", "origin": [1, 3, 13], "rescale": true},
			"faces": {
				"north": {"uv": [0, 0, 0, 14], "texture": "#missing"},
				"south": {"uv": [0, 0, 0, 14], "texture": "#missing"},
				"west": {"uv": [9, 15, 10, 16], "texture": "#top"},
				"up": {"uv": [0, 0, 0, 1], "texture": "#missing"},
				"down": {"uv": [0, 0, 0, 1], "texture": "#missing"}
			}
		},
		{
			"from": [0, 0, 10],
			"to": [0, 14, 11],
			"rotation": {"angle": 45, "axis": "y", "origin": [0, 0, 10], "rescale": true},
			"faces": {
				"north": {"uv": [0, 0, 0, 14], "texture": "#missing"},
				"south": {"uv": [0, 0, 0, 14], "texture": "#missing"},
				"west": {"uv": [10, 2, 11, 16], "texture": "#top"},
				"up": {"uv": [0, 0, 0, 1], "texture": "#missing"},
				"down": {"uv": [0, 0, 0, 1], "texture": "#missing"}
			}
		},
		{
			"from": [0, 0, 6],
			"to": [0, 14, 7],
			"rotation": {"angle": 45, "axis": "y", "origin": [0, 0, 6], "rescale": true},
			"faces": {
				"north": {"uv": [0, 0, 0, 14], "texture": "#missing"},
				"south": {"uv": [0, 0, 0, 14], "texture": "#missing"},
				"west": {"uv": [6, 2, 7, 16], "texture": "#top"},
				"up": {"uv": [0, 0, 0, 1], "texture": "#missing"},
				"down": {"uv": [0, 0, 0, 1], "texture": "#missing"}
			}
		},
		{
			"from": [0, 0, 2],
			"to": [0, 14, 3],
			"rotation": {"angle": 45, "axis": "y", "origin": [0, 4, 2], "rescale": true},
			"faces": {
				"north": {"uv": [0, 0, 0, 14], "texture": "#missing"},
				"south": {"uv": [0, 0, 0, 14], "texture": "#missing"},
				"west": {"uv": [2, 2, 3, 16], "texture": "#top"},
				"up": {"uv": [0, 0, 0, 1], "texture": "#missing"},
				"down": {"uv": [0, 0, 0, 1], "texture": "#missing"}
			}
		},
		{
			"from": [2, 13, 2],
			"to": [2, 14, 14],
			"rotation": {"angle": -45, "axis": "z", "origin": [2, 13, 2], "rescale": true},
			"faces": {
				"north": {"uv": [0, 0, 0, 1], "texture": "#missing"},
				"east": {"uv": [2, 2, 14, 3], "texture": "#2"},
				"south": {"uv": [0, 0, 0, 1], "texture": "#missing"},
				"up": {"uv": [0, 0, 0, 12], "texture": "#missing"},
				"down": {"uv": [0, 0, 0, 12], "texture": "#missing"}
			}
		},
		{
			"from": [2, 0, 9],
			"to": [2, 14, 10],
			"rotation": {"angle": 45, "axis": "y", "origin": [2, 0, 9], "rescale": true},
			"faces": {
				"north": {"uv": [0, 0, 0, 14], "texture": "#missing"},
				"east": {"uv": [6, 2, 7, 16], "texture": "#2"},
				"south": {"uv": [0, 0, 0, 14], "texture": "#missing"},
				"up": {"uv": [0, 0, 0, 1], "texture": "#missing"},
				"down": {"uv": [0, 0, 0, 1], "texture": "#missing"}
			}
		},
		{
			"from": [2, 0, 5],
			"to": [2, 14, 6],
			"rotation": {"angle": 45, "axis": "y", "origin": [2, 0, 5], "rescale": true},
			"faces": {
				"north": {"uv": [0, 0, 0, 14], "texture": "#missing"},
				"east": {"uv": [6, 2, 7, 16], "texture": "#2"},
				"south": {"uv": [0, 0, 0, 14], "texture": "#missing"},
				"up": {"uv": [0, 0, 0, 1], "texture": "#missing"},
				"down": {"uv": [0, 0, 0, 1], "texture": "#missing"}
			}
		},
		{
			"from": [2, 1, 13],
			"to": [2, 14, 14],
			"rotation": {"angle": 45, "axis": "y", "origin": [2, 4, 13], "rescale": true},
			"faces": {
				"north": {"uv": [0, 0, 0, 14], "texture": "#missing"},
				"east": {"uv": [2, 2, 3, 15], "texture": "#2"},
				"south": {"uv": [0, 0, 0, 14], "texture": "#missing"},
				"up": {"uv": [0, 0, 0, 1], "texture": "#missing"},
				"down": {"uv": [0, 0, 0, 1], "texture": "#missing"}
			}
		},
		{
			"from": [2, 0, 13],
			"to": [2, 1, 14],
			"rotation": {"angle": 45, "axis": "y", "origin": [2, 3, 13], "rescale": true},
			"faces": {
				"north": {"uv": [0, 0, 0, 14], "texture": "#missing"},
				"east": {"uv": [6, 15, 7, 16], "texture": "#2"},
				"south": {"uv": [0, 0, 0, 14], "texture": "#missing"},
				"up": {"uv": [0, 0, 0, 1], "texture": "#missing"},
				"down": {"uv": [0, 0, 0, 1], "texture": "#missing"}
			}
		},
		{
			"from": [3, 0, 10],
			"to": [3, 14, 11],
			"rotation": {"angle": -45, "axis": "y", "origin": [3, 0, 10], "rescale": true},
			"faces": {
				"north": {"uv": [0, 0, 0, 14], "texture": "#missing"},
				"east": {"uv": [5, 2, 6, 16], "texture": "#2"},
				"south": {"uv": [0, 0, 0, 14], "texture": "#missing"},
				"up": {"uv": [0, 0, 0, 1], "texture": "#missing"},
				"down": {"uv": [0, 0, 0, 1], "texture": "#missing"}
			}
		},
		{
			"from": [3, 0, 6],
			"to": [3, 14, 7],
			"rotation": {"angle": -45, "axis": "y", "origin": [3, 0, 6], "rescale": true},
			"faces": {
				"north": {"uv": [0, 0, 0, 14], "texture": "#missing"},
				"east": {"uv": [5, 2, 6, 16], "texture": "#2"},
				"south": {"uv": [0, 0, 0, 14], "texture": "#missing"},
				"up": {"uv": [0, 0, 0, 1], "texture": "#missing"},
				"down": {"uv": [0, 0, 0, 1], "texture": "#missing"}
			}
		},
		{
			"from": [3, 0, 2],
			"to": [3, 14, 3],
			"rotation": {"angle": -45, "axis": "y", "origin": [3, 4, 2], "rescale": true},
			"faces": {
				"north": {"uv": [0, 0, 0, 14], "texture": "#missing"},
				"east": {"uv": [13, 2, 14, 16], "texture": "#2"},
				"south": {"uv": [0, 0, 0, 14], "texture": "#missing"},
				"up": {"uv": [0, 0, 0, 1], "texture": "#missing"},
				"down": {"uv": [0, 0, 0, 1], "texture": "#missing"}
			}
		},
		{
			"from": [1, 13, 3],
			"to": [2, 13, 13],
			"rotation": {"angle": 0, "axis": "y", "origin": [9, 21, 11]},
			"faces": {
				"down": {"uv": [3, 2, 13, 3], "rotation": 270, "texture": "#top"}
			}
		},
		{
			"from": [1, 0, 9],
			"to": [2, 14, 11],
			"rotation": {"angle": 0, "axis": "y", "origin": [9, 13, 17]},
			"faces": {
				"north": {"uv": [9, 3, 10, 15], "texture": "#top"},
				"south": {"uv": [10, 3, 11, 15], "texture": "#top"}
			}
		},
		{
			"from": [1, 1, 5],
			"to": [2, 13, 7],
			"rotation": {"angle": 0, "axis": "y", "origin": [9, 13, 13]},
			"faces": {
				"north": {"uv": [5, 3, 6, 15], "texture": "#top"},
				"south": {"uv": [6, 3, 7, 15], "texture": "#top"}
			}
		},
		{
			"from": [1, 1, 3],
			"to": [2, 13, 3],
			"rotation": {"angle": 0, "axis": "y", "origin": [9, 13, 11]},
			"faces": {
				"south": {"uv": [2, 3, 3, 15], "texture": "#top"}
			}
		},
		{
			"from": [1, 1, 13],
			"to": [2, 13, 13],
			"rotation": {"angle": 0, "axis": "y", "origin": [9, 13, 21]},
			"faces": {
				"north": {"uv": [13, 3, 14, 15], "texture": "#top"}
			}
		},
		{
			"from": [0, 0, 2],
			"to": [0, 1, 12],
			"rotation": {"angle": -45, "axis": "z", "origin": [0, 0, 2], "rescale": true},
			"faces": {
				"north": {"uv": [0, 0, 0, 1], "texture": "#missing"},
				"south": {"uv": [0, 0, 0, 1], "texture": "#missing"},
				"west": {"uv": [2, 15, 12, 16], "texture": "#top"},
				"up": {"uv": [0, 0, 0, 10], "texture": "#missing"},
				"down": {"uv": [0, 0, 0, 10], "texture": "#missing"}
			}
		},
		{
			"from": [0, 0, 12],
			"to": [0, 1, 14],
			"rotation": {"angle": -45, "axis": "z", "origin": [0, 0, 4], "rescale": true},
			"faces": {
				"north": {"uv": [0, 0, 0, 1], "texture": "#missing"},
				"south": {"uv": [0, 0, 0, 1], "texture": "#missing"},
				"west": {"uv": [4, 15, 6, 16], "texture": "#top"},
				"up": {"uv": [0, 0, 0, 10], "texture": "#missing"},
				"down": {"uv": [0, 0, 0, 10], "texture": "#missing"}
			}
		},
		{
			"from": [3, -1, 2],
			"to": [3, 0, 12],
			"rotation": {"angle": 45, "axis": "z", "origin": [2, -1, 2], "rescale": true},
			"faces": {
				"north": {"uv": [0, 0, 0, 1], "texture": "#missing"},
				"east": {"uv": [4, 15, 14, 16], "texture": "#2"},
				"south": {"uv": [0, 0, 0, 1], "texture": "#missing"},
				"up": {"uv": [0, 0, 0, 10], "texture": "#missing"},
				"down": {"uv": [0, 0, 0, 10], "texture": "#missing"}
			}
		},
		{
			"from": [3, -1, 12],
			"to": [3, 0, 14],
			"rotation": {"angle": 45, "axis": "z", "origin": [2, -1, 4], "rescale": true},
			"faces": {
				"north": {"uv": [0, 0, 0, 1], "texture": "#missing"},
				"east": {"uv": [6, 15, 8, 16], "texture": "#2"},
				"south": {"uv": [0, 0, 0, 1], "texture": "#missing"},
				"up": {"uv": [0, 0, 0, 10], "texture": "#missing"},
				"down": {"uv": [0, 0, 0, 10], "texture": "#missing"}
			}
		},
		{
			"from": [2.5, 0, 12],
			"to": [3.5, 1, 15],
			"rotation": {"angle": 0, "axis": "y", "origin": [10, 8, 22]},
			"faces": {
				"north": {"uv": [3, 15, 4, 16], "texture": "#2"},
				"east": {"uv": [1, 15, 4, 16], "texture": "#2"},
				"south": {"uv": [1, 15, 2, 16], "texture": "#2"},
				"west": {"uv": [1, 15, 4, 16], "rotation": 180, "texture": "#2"},
				"up": {"uv": [1, 15, 4, 16], "rotation": 270, "texture": "#2"},
				"down": {"uv": [1, 15, 4, 16], "rotation": 90, "texture": "#2"}
			}
		},
		{
			"from": [-0.5, 0, 12],
			"to": [0.5, 1, 15],
			"rotation": {"angle": 0, "axis": "y", "origin": [7, 8, 22]},
			"faces": {
				"north": {"uv": [12, 15, 13, 16], "texture": "#top"},
				"east": {"uv": [12, 15, 15, 16], "rotation": 180, "texture": "#top"},
				"south": {"uv": [14, 15, 15, 16], "texture": "#top"},
				"west": {"uv": [12, 15, 15, 16], "texture": "#top"},
				"up": {"uv": [12, 15, 15, 16], "rotation": 90, "texture": "#top"},
				"down": {"uv": [12, 15, 15, 16], "rotation": 270, "texture": "#top"}
			}
		}
	],
	"groups": [
		{
			"name": "group",
			"origin": [8, 8, 8],
			"children": [0, 1, 2, 3, 4, 5, 6, 7, 8, 9, 10, 11, 12, 13, 14, 15, 16, 17, 18, 19, 20, 21, 22, 23, 24, 25, 26, 27, 28, 29, 30, 31]
		}
	]
}