{
	"credit": "Made with Blockbench",
	"parent": "block/door_top",
	"textures": {
		"2": "blocks/door_birch_upper_m",
		"top": "blocks/door_birch_upper",
		"particle": "blocks/door_birch_upper",
		"bottom": "blocks/door_birch_lower"
	},
	"elements": [
		{
			"from": [0, 0, 0],
			"to": [3, 16, 2],
			"faces": {
				"north": {"uv": [13, 0, 16, 16], "texture": "#2"},
				"east": {"uv": [14, 0, 16, 16], "texture": "#2"},
				"west": {"uv": [0, 0, 2, 16], "texture": "#top"},
				"up": {"uv": [13, 0, 16, 2], "texture": "#bottom"}
			}
		},
		{
			"from": [0, 0, 14],
			"to": [3, 16, 16],
			"rotation": {"angle": 0, "axis": "y", "origin": [8, 8, 22]},
			"faces": {
				"east": {"uv": [0, 0, 2, 16], "texture": "#2"},
				"south": {"uv": [0, 0, 3, 16], "texture": "#top"},
				"west": {"uv": [14, 0, 16, 16], "texture": "#top"},
				"up": {"uv": [13, 14, 16, 16], "texture": "#bottom"}
			}
		},
		{
			"from": [0, 14, 2],
			"to": [3, 16, 14],
			"rotation": {"angle": 0, "axis": "y", "origin": [8, 22, 10]},
			"faces": {
				"east": {"uv": [2, 0, 14, 2], "texture": "#2"},
				"west": {"uv": [2, 0, 14, 2], "texture": "#top"},
				"up": {"uv": [13, 2, 16, 14], "texture": "#bottom"}
			}
		},
		{
			"from": [1, 13, 2],
			"to": [1, 14, 14],
			"rotation": {"angle": 45, "axis": "z", "origin": [1, 13, 2], "rescale": true},
			"faces": {
				"north": {"uv": [0, 0, 0, 1], "texture": "#missing"},
				"south": {"uv": [0, 0, 0, 1], "texture": "#missing"},
				"west": {"uv": [2, 2, 14, 3], "texture": "#top"},
				"up": {"uv": [0, 0, 0, 12], "texture": "#missing"},
				"down": {"uv": [0, 0, 0, 12], "texture": "#missing"}
			}
		},
		{
			"from": [1, 0, 13],
			"to": [1, 14, 14],
			"rotation": {"angle": -45, "axis": "y", "origin": [1, 4, 13], "rescale": true},
			"faces": {
				"north": {"uv": [0, 0, 0, 14], "texture": "#missing"},
				"south": {"uv": [0, 0, 0, 14], "texture": "#missing"},
				"west": {"uv": [13, 2, 14, 16], "texture": "#top"},
				"up": {"uv": [0, 0, 0, 1], "texture": "#missing"},
				"down": {"uv": [0, 0, 0, 1], "texture": "#missing"}
			}
		},
		{
			"from": [0, 0, 2],
			"to": [0, 14, 3],
			"rotation": {"angle": 45, "axis": "y", "origin": [0, 4, 2], "rescale": true},
			"faces": {
				"north": {"uv": [0, 0, 0, 14], "texture": "#missing"},
				"south": {"uv": [0, 0, 0, 14], "texture": "#missing"},
				"west": {"uv": [2, 2, 3, 16], "texture": "#top"},
				"up": {"uv": [0, 0, 0, 1], "texture": "#missing"},
				"down": {"uv": [0, 0, 0, 1], "texture": "#missing"}
			}
		},
		{
			"from": [1.5, 0, 3],
			"to": [1.5, 13, 13],
			"rotation": {"angle": 0, "axis": "y", "origin": [-5, 8, 18]},
			"faces": {
				"north": {"uv": [0, 0, 0, 2], "texture": "#missing"},
				"east": {"uv": [3, 3, 13, 16], "texture": "#2"},
				"south": {"uv": [0, 0, 0, 2], "texture": "#missing"},
				"west": {"uv": [3, 3, 13, 16], "texture": "#top"},
				"up": {"uv": [0, 0, 0, 4], "texture": "#missing"},
				"down": {"uv": [0, 0, 0, 4], "texture": "#missing"}
			}
		},
		{
			"from": [2, 13, 2],
			"to": [2, 14, 14],
			"rotation": {"angle": -45, "axis": "z", "origin": [2, 13, 2], "rescale": true},
			"faces": {
				"north": {"uv": [0, 0, 0, 1], "texture": "#missing"},
				"east": {"uv": [2, 2, 14, 3], "texture": "#2"},
				"south": {"uv": [0, 0, 0, 1], "texture": "#missing"},
				"up": {"uv": [0, 0, 0, 12], "texture": "#missing"},
				"down": {"uv": [0, 0, 0, 12], "texture": "#missing"}
			}
		},
		{
			"from": [2, 0, 13],
			"to": [2, 14, 14],
			"rotation": {"angle": 45, "axis": "y", "origin": [2, 4, 13], "rescale": true},
			"faces": {
				"north": {"uv": [0, 0, 0, 14], "texture": "#missing"},
				"east": {"uv": [2, 2, 3, 16], "texture": "#2"},
				"south": {"uv": [0, 0, 0, 14], "texture": "#missing"},
				"up": {"uv": [0, 0, 0, 1], "texture": "#missing"},
				"down": {"uv": [0, 0, 0, 1], "texture": "#missing"}
			}
		},
		{
			"from": [3, 0, 2],
			"to": [3, 14, 3],
			"rotation": {"angle": -45, "axis": "y", "origin": [3, 4, 2], "rescale": true},
			"faces": {
				"north": {"uv": [0, 0, 0, 14], "texture": "#missing"},
				"east": {"uv": [13, 2, 14, 16], "texture": "#2"},
				"south": {"uv": [0, 0, 0, 14], "texture": "#missing"},
				"up": {"uv": [0, 0, 0, 1], "texture": "#missing"},
				"down": {"uv": [0, 0, 0, 1], "texture": "#missing"}
			}
		},
		{
			"from": [1, 13, 3],
			"to": [2, 13, 13],
			"rotation": {"angle": 0, "axis": "y", "origin": [9, 21, 11]},
			"faces": {
				"down": {"uv": [3, 2, 13, 3], "rotation": 270, "texture": "#top"}
			}
		},
		{
			"from": [1, 0, 3],
			"to": [2, 13, 3],
			"rotation": {"angle": 0, "axis": "y", "origin": [9, 13, 11]},
			"faces": {
				"south": {"uv": [2, 3, 3, 16], "texture": "#top"}
			}
		},
		{
			"from": [1, 0, 13],
			"to": [2, 13, 13],
			"rotation": {"angle": 0, "axis": "y", "origin": [9, 13, 21]},
			"faces": {
				"north": {"uv": [13, 3, 14, 16], "texture": "#top"}
			}
		},
		{
			"from": [-0.5, 0, 14],
			"to": [3.5, 2, 15],
			"rotation": {"angle": 0, "axis": "y", "origin": [8, 8, 22]},
			"faces": {
				"north": {"uv": [1, 14, 2, 16], "texture": "#2"},
				"east": {"uv": [1, 14, 2, 16], "texture": "#2"},
				"south": {"uv": [1, 14, 2, 16], "texture": "#2"},
				"west": {"uv": [14, 14, 15, 16], "texture": "#top"},
				"up": {"uv": [1, 14, 2, 15], "texture": "#2"},
				"down": {"uv": [1, 15, 2, 16], "texture": "#2"}
			}
		}
	],
	"groups": [
		{
			"name": "group",
			"origin": [8, 8, 8],
			"children": [0, 1, 2, 3, 4, 5, 6, 7, 8, 9, 10, 11, 12,
				{
					"name": "group",
					"origin": [8, 8, 18],
					"children": []
				},
				{
					"name": "group",
					"origin": [8, 8, 18],
					"children": []
				}
			]
		}, 13]
}