{
	"credit": "Made with Blockbench",
	"parent": "block/door_bottom",
	"textures": {
		"1": "blocks/door_birch_lower",
		"particle": "blocks/door_birch_lower",
		"bottom": "blocks/door_birch_lower_m"
	},
	"elements": [
		{
			"from": [0, 0, 2],
			"to": [3, 11, 14],
			"rotation": {"angle": 0, "axis": "y", "origin": [8, 8, 10]},
			"faces": {
				"east": {"uv": [2, 5, 14, 16], "texture": "#1"},
				"west": {"uv": [2, 5, 14, 16], "texture": "#bottom"},
				"down": {"uv": [13, 2, 16, 14], "texture": "#bottom"}
			}
		},
		{
			"from": [0, 0, 0],
			"to": [3, 16, 2],
			"faces": {
				"north": {"uv": [3, 0, 0, 16], "texture": "#1"},
				"east": {"uv": [14, 0, 16, 16], "texture": "#1"},
				"west": {"uv": [0, 0, 2, 16], "texture": "#bottom"},
				"down": {"uv": [13, 14, 16, 16], "texture": "#bottom"}
			}
		},
		{
			"from": [0, 0, 14],
			"to": [3, 16, 16],
			"rotation": {"angle": 0, "axis": "y", "origin": [8, 8, 22]},
			"faces": {
				"east": {"uv": [0, 0, 2, 16], "texture": "#1"},
				"south": {"uv": [0, 0, 3, 16], "texture": "#1"},
				"west": {"uv": [14, 0, 16, 16], "texture": "#bottom"},
				"down": {"uv": [13, 0, 16, 2], "texture": "#bottom"}
			}
		},
		{
			"from": [8, 3, 2],
			"to": [8, 4, 14],
			"rotation": {"angle": -45, "axis": "z", "origin": [16, 11, 10], "rescale": true},
			"faces": {
				"north": {"uv": [0, 0, 0, 1], "texture": "#bottom"},
				"south": {"uv": [0, 0, 0, 1], "texture": "#missing"},
				"west": {"uv": [2, 4, 14, 5], "texture": "#bottom"},
				"up": {"uv": [0, 0, 0, 12], "texture": "#missing"},
				"down": {"uv": [0, 0, 0, 12], "texture": "#missing"}
			}
		},
		{
			"from": [1.5, 12, 3],
			"to": [1.5, 16, 13],
			"rotation": {"angle": 0, "axis": "y", "origin": [9, 11, 11]},
			"faces": {
				"north": {"uv": [0, 0, 0, 0], "texture": "#bottom"},
				"east": {"uv": [3, 0, 13, 4], "texture": "#1"},
				"west": {"uv": [3, 0, 13, 4], "texture": "#bottom"}
			}
		},
		{
			"from": [1, 11, 12],
			"to": [1, 16, 13],
			"rotation": {"angle": -45, "axis": "y", "origin": [0, 15, 12], "rescale": true},
			"faces": {
				"north": {"uv": [0, 0, 0, 5], "texture": "#missing"},
				"south": {"uv": [0, 0, 0, 5], "texture": "#missing"},
				"west": {"uv": [13, 0, 14, 5], "texture": "#bottom"},
				"up": {"uv": [0, 0, 0, 1], "texture": "#missing"},
				"down": {"uv": [0, 0, 0, 1], "texture": "#missing"}
			}
		},
		{
			"from": [10, 11, -5],
			"to": [11, 16, -5],
			"rotation": {"angle": 45, "axis": "y", "origin": [18, 10, 3], "rescale": true},
			"faces": {
				"east": {"uv": [0, 0, 0, 14], "texture": "#1"},
				"south": {"uv": [13, 0, 14, 5], "texture": "#1"},
				"west": {"uv": [0, 0, 0, 14], "texture": "#1"},
				"up": {"uv": [0, 0, 1, 0], "texture": "#1"},
				"down": {"uv": [0, 0, 1, 0], "texture": "#1"}
			}
		},
		{
			"from": [10, 4, 2],
			"to": [11, 4, 14],
			"rotation": {"angle": -45, "axis": "z", "origin": [18, 12, 10], "rescale": true},
			"faces": {
				"north": {"uv": [0, 0, 1, 0], "texture": "#missing"},
				"east": {"uv": [0, 0, 12, 0], "texture": "#missing"},
				"south": {"uv": [0, 0, 1, 0], "texture": "#missing"},
				"west": {"uv": [0, 0, 12, 0], "texture": "#missing"},
				"up": {"uv": [2, 4, 14, 5], "rotation": 90, "texture": "#1"}
			}
		},
		{
			"from": [10, 11, 5],
			"to": [10, 16, 6],
			"rotation": {"angle": 45, "axis": "y", "origin": [18, 10, 13], "rescale": true},
			"faces": {
				"north": {"uv": [0, 0, 0, 14], "texture": "#missing"},
				"east": {"uv": [2, 0, 3, 5], "texture": "#1"},
				"south": {"uv": [0, 0, 0, 14], "texture": "#missing"},
				"up": {"uv": [0, 0, 0, 1], "texture": "#missing"},
				"down": {"uv": [0, 0, 0, 1], "texture": "#missing"}
			}
		},
		{
			"from": [1, 12, 3],
			"to": [2, 16, 3],
			"rotation": {"angle": 0, "axis": "y", "origin": [9, 23, 10]},
			"faces": {
				"east": {"uv": [0, 0, 0, 4], "texture": "#missing"},
				"south": {"uv": [2, 0, 3, 4], "texture": "#bottom"},
				"west": {"uv": [0, 0, 0, 4], "texture": "#missing"},
				"up": {"uv": [0, 0, 1, 0], "texture": "#missing"},
				"down": {"uv": [0, 0, 1, 0], "texture": "#missing"}
			}
		},
		{
			"from": [1, 12, 13],
			"to": [2, 16, 13],
			"rotation": {"angle": 0, "axis": "y", "origin": [9, 23, 20]},
			"faces": {
				"north": {"uv": [13, 0, 14, 4], "texture": "#bottom"},
				"east": {"uv": [0, 0, 0, 4], "texture": "#missing"},
				"west": {"uv": [0, 0, 0, 4], "texture": "#missing"},
				"up": {"uv": [0, 0, 1, 0], "texture": "#missing"},
				"down": {"uv": [0, 0, 1, 0], "texture": "#missing"}
			}
		},
		{
			"from": [1, 12, 3],
			"to": [2, 12, 13],
			"rotation": {"angle": 0, "axis": "y", "origin": [9, 20, 11]},
			"faces": {
				"north": {"uv": [0, 0, 1, 0], "texture": "#missing"},
				"east": {"uv": [0, 0, 10, 0], "texture": "#missing"},
				"south": {"uv": [0, 0, 1, 0], "texture": "#missing"},
				"west": {"uv": [0, 0, 10, 0], "texture": "#missing"},
				"up": {"uv": [3, 4, 13, 5], "rotation": 90, "texture": "#bottom"}
			}
		},
		{
			"from": [0, 11, 3],
			"to": [0, 16, 4],
			"rotation": {"angle": 45, "axis": "y", "origin": [-1, 11, 3], "rescale": true},
			"faces": {
				"north": {"uv": [0, 0, 0, 5], "texture": "#missing"},
				"south": {"uv": [0, 0, 0, 5], "texture": "#missing"},
				"west": {"uv": [2, 0, 3, 5], "texture": "#bottom"},
				"up": {"uv": [0, 0, 0, 1], "texture": "#missing"},
				"down": {"uv": [0, 0, 0, 1], "texture": "#missing"}
			}
		}
	],
	"groups": [
		{
			"name": "group",
			"origin": [8, 8, 10],
			"children": [0, 1, 2, 3, 4, 5]
		},
		{
			"name": "group",
			"origin": [8, 8, 8],
			"children": [6, 7, 8]
		}, 9, 10, 11, 12]
}