{
	"credit": "Made with Blockbench",
	"textures": {
		"bottom": "blocks/cake_bottom",
		"top": "blocks/cake_top",
		"side": "blocks/cake_side",
		"particle": "blocks/cake_side",
		"inside": "blocks/cake_inner"
	},
	"elements": [
		{
			"from": [11, 0, 1],
			"to": [15, 8, 15],
			"faces": {
				"north": {"uv": [1, 8, 5, 16], "texture": "#side"},
				"east": {"uv": [1, 8, 15, 16], "texture": "#side"},
				"south": {"uv": [11, 8, 15, 16], "texture": "#side"},
				"west": {"uv": [1, 8, 15, 16], "texture": "#inside"},
				"up": {"uv": [11, 1, 15, 15], "texture": "#top"},
				"down": {"uv": [11, 1, 15, 15], "texture": "#bottom", "cullface": "down"}
			}
		},
		{
			"from": [11, 8, 8],
			"to": [13, 8.75, 10],
			"rotation": {"angle": 0, "axis": "y", "origin": [19, 16, 16]},
			"faces": {
				"north": {"uv": [11, 9, 13, 8], "texture": "#top"},
				"east": {"uv": [12, 8, 13, 10], "rotation": 90, "texture": "#top"},
				"south": {"uv": [11, 9, 13, 10], "texture": "#top"},
				"west": {"uv": [11, 8, 12, 10], "rotation": 270, "texture": "#top"},
				"up": {"uv": [11, 8, 13, 10], "texture": "#top"},
				"down": {"uv": [13, 8, 11, 10], "texture": "#top"}
			}
		},
		{
			"from": [12, 7.5, 2],
			"to": [13, 8.5, 3],
			"rotation": {"angle": 0, "axis": "y", "origin": [20, 16, 10]},
			"faces": {
				"north": {"uv": [12, 3, 13, 2], "texture": "#top"},
				"east": {"uv": [12, 2, 13, 3], "rotation": 90, "texture": "#top"},
				"south": {"uv": [12, 2, 13, 3], "texture": "#top"},
				"west": {"uv": [12, 2, 13, 3], "rotation": 270, "texture": "#top"},
				"up": {"uv": [12, 2, 13, 3], "texture": "#top"},
				"down": {"uv": [13, 2, 12, 3], "texture": "#top"}
			}
		}
	]
}