{
	"credit": "Made with Blockbench",
	"textures": {
		"bottom": "blocks/cake_bottom",
		"top": "blocks/cake_top",
		"side": "blocks/cake_side",
		"particle": "blocks/cake_side",
		"inside": "blocks/cake_inner"
	},
	"elements": [
		{
			"from": [9, 0, 1],
			"to": [15, 8, 15],
			"faces": {
				"north": {"uv": [1, 8, 7, 16], "texture": "#side"},
				"east": {"uv": [1, 8, 15, 16], "texture": "#side"},
				"south": {"uv": [9, 8, 15, 16], "texture": "#side"},
				"west": {"uv": [1, 8, 15, 16], "texture": "#inside"},
				"up": {"uv": [9, 1, 15, 15], "texture": "#top"},
				"down": {"uv": [9, 1, 15, 15], "texture": "#bottom", "cullface": "down"}
			}
		},
		{
			"from": [11, 8, 8],
			"to": [13, 8.75, 10],
			"rotation": {"angle": 0, "axis": "y", "origin": [19, 16, 16]},
			"faces": {
				"north": {"uv": [11, 9, 13, 8], "texture": "#top"},
				"east": {"uv": [12, 8, 13, 10], "rotation": 90, "texture": "#top"},
				"south": {"uv": [11, 9, 13, 10], "texture": "#top"},
				"west": {"uv": [11, 8, 12, 10], "rotation": 270, "texture": "#top"},
				"up": {"uv": [11, 8, 13, 10], "texture": "#top"},
				"down": {"uv": [13, 8, 11, 10], "texture": "#top"}
			}
		},
		{
			"from": [9, 8, 11],
			"to": [10, 9, 13],
			"rotation": {"angle": 0, "axis": "y", "origin": [16, 16, 19]},
			"faces": {
				"north": {"uv": [9, 12, 10, 11], "texture": "#top"},
				"east": {"uv": [9, 11, 10, 13], "rotation": 90, "texture": "#top"},
				"south": {"uv": [9, 12, 10, 13], "texture": "#top"},
				"west": {"uv": [9, 11, 10, 13], "rotation": 270, "texture": "#top"},
				"up": {"uv": [9, 11, 10, 13], "texture": "#top"},
				"down": {"uv": [10, 11, 9, 13], "texture": "#top"}
			}
		},
		{
			"from": [12, 7.5, 2],
			"to": [13, 8.5, 3],
			"rotation": {"angle": 0, "axis": "y", "origin": [20, 16, 10]},
			"faces": {
				"north": {"uv": [12, 3, 13, 2], "texture": "#top"},
				"east": {"uv": [12, 2, 13, 3], "rotation": 90, "texture": "#top"},
				"south": {"uv": [12, 2, 13, 3], "texture": "#top"},
				"west": {"uv": [12, 2, 13, 3], "rotation": 270, "texture": "#top"},
				"up": {"uv": [12, 2, 13, 3], "texture": "#top"},
				"down": {"uv": [13, 2, 12, 3], "texture": "#top"}
			}
		},
		{
			"from": [9, 8, 4],
			"to": [10, 8.5, 5],
			"rotation": {"angle": 0, "axis": "y", "origin": [17, 16, 12]},
			"faces": {
				"north": {"uv": [9, 5, 10, 4], "texture": "#top"},
				"east": {"uv": [9, 4, 10, 5], "rotation": 90, "texture": "#top"},
				"south": {"uv": [9, 4, 10, 5], "texture": "#top"},
				"west": {"uv": [9, 4, 10, 5], "rotation": 270, "texture": "#top"},
				"up": {"uv": [9, 4, 10, 5], "texture": "#top"},
				"down": {"uv": [10, 4, 9, 5], "texture": "#top"}
			}
		},
		{
			"from": [10, 8, 6],
			"to": [11, 8.5, 7],
			"rotation": {"angle": 0, "axis": "y", "origin": [18, 16, 14]},
			"faces": {
				"north": {"uv": [10, 7, 11, 6], "texture": "#top"},
				"east": {"uv": [10, 6, 11, 7], "rotation": 90, "texture": "#top"},
				"south": {"uv": [10, 6, 11, 7], "texture": "#top"},
				"west": {"uv": [10, 6, 11, 7], "rotation": 270, "texture": "#top"},
				"up": {"uv": [10, 6, 11, 7], "texture": "#top"},
				"down": {"uv": [11, 6, 10, 7], "texture": "#top"}
			}
		}
	]
}