{
	"credit": "Made with Blockbench",
	"parent": "block/door_bottom",
	"textures": {
		"1": "blocks/door_dark_oak_lower_m",
		"particle": "blocks/door_dark_oak_lower_m",
		"bottom": "blocks/door_dark_oak_lower"
	},
	"elements": [
		{
			"from": [0, 0, 2],
			"to": [3, 2, 14],
			"rotation": {"angle": 0, "axis": "y", "origin": [8, 8, 10]},
			"faces": {
				"north": {"uv": [0, 0, 0, 0], "texture": "#bottom"},
				"east": {"uv": [2, 14, 14, 16], "texture": "#1"},
				"west": {"uv": [2, 14, 14, 16], "texture": "#bottom"},
				"down": {"uv": [13, 2, 16, 14], "texture": "#bottom"}
			}
		},
		{
			"from": [0, 0, 0],
			"to": [3, 16, 2],
			"faces": {
				"north": {"uv": [3, 0, 0, 16], "texture": "#bottom"},
				"east": {"uv": [14, 0, 16, 16], "texture": "#1"},
				"west": {"uv": [0, 0, 2, 16], "texture": "#bottom"},
				"down": {"uv": [13, 14, 16, 16], "texture": "#bottom"}
			}
		},
		{
			"from": [0, 0, 14],
			"to": [3, 16, 16],
			"rotation": {"angle": 0, "axis": "y", "origin": [8, 8, 22]},
			"faces": {
				"north": {"uv": [0, 0, 3, 16], "texture": "#bottom"},
				"east": {"uv": [0, 0, 2, 16], "texture": "#1"},
				"south": {"uv": [0, 0, 3, 16], "texture": "#bottom"},
				"west": {"uv": [14, 0, 16, 16], "texture": "#bottom"},
				"down": {"uv": [13, 0, 16, 2], "texture": "#bottom"}
			}
		},
		{
			"from": [8, -6, 2],
			"to": [8, -5, 14],
			"rotation": {"angle": -45, "axis": "z", "origin": [16, 2, 10], "rescale": true},
			"faces": {
				"north": {"uv": [0, 0, 0, 1], "texture": "#bottom"},
				"south": {"uv": [0, 0, 0, 1], "texture": "#missing"},
				"west": {"uv": [2, 13, 14, 14], "texture": "#bottom"},
				"up": {"uv": [0, 0, 0, 12], "texture": "#missing"},
				"down": {"uv": [0, 0, 0, 12], "texture": "#missing"}
			}
		},
		{
			"from": [-7, 22, 2],
			"to": [-7, 23, 14],
			"rotation": {"angle": 45, "axis": "z", "origin": [1, 30, 10], "rescale": true},
			"faces": {
				"north": {"uv": [0, 0, 0, 1], "texture": "#bottom"},
				"south": {"uv": [0, 0, 0, 1], "texture": "#missing"},
				"west": {"uv": [2, 1, 14, 2], "texture": "#bottom"},
				"up": {"uv": [0, 0, 0, 12], "texture": "#missing"},
				"down": {"uv": [0, 0, 0, 12], "texture": "#missing"}
			}
		},
		{
			"from": [1, 3, 3],
			"to": [2, 16, 13],
			"rotation": {"angle": 0, "axis": "y", "origin": [9, 11, 11]},
			"faces": {
				"north": {"uv": [0, 0, 0, 0], "texture": "#bottom"},
				"east": {"uv": [3, 0, 13, 13], "texture": "#1"},
				"west": {"uv": [3, 0, 13, 13], "texture": "#bottom"}
			}
		},
		{
			"from": [0, 15, 2],
			"to": [3, 16, 14],
			"rotation": {"angle": 0, "axis": "y", "origin": [8, 23, 10]},
			"faces": {
				"north": {"uv": [0, 0, 3, 1], "texture": "#bottom"},
				"east": {"uv": [2, 0, 14, 1], "texture": "#1"},
				"west": {"uv": [2, 0, 14, 1], "texture": "#bottom"}
			}
		},
		{
			"from": [-6, 2, 5],
			"to": [-6, 15, 6],
			"rotation": {"angle": -45, "axis": "y", "origin": [-7, 2, 12], "rescale": true},
			"faces": {
				"north": {"uv": [0, 0, 0, 14], "texture": "#missing"},
				"south": {"uv": [0, 0, 0, 14], "texture": "#missing"},
				"west": {"uv": [6, 1, 7, 14], "texture": "#bottom"},
				"up": {"uv": [0, 0, 0, 1], "texture": "#missing"},
				"down": {"uv": [0, 0, 0, 1], "texture": "#missing"}
			}
		},
		{
			"from": [7, 2, 10],
			"to": [7, 15, 11],
			"rotation": {"angle": 45, "axis": "y", "origin": [6, 2, 17], "rescale": true},
			"faces": {
				"north": {"uv": [0, 0, 0, 14], "texture": "#missing"},
				"south": {"uv": [0, 0, 0, 14], "texture": "#missing"},
				"west": {"uv": [8, 1, 9, 14], "texture": "#bottom"},
				"up": {"uv": [0, 0, 0, 1], "texture": "#missing"},
				"down": {"uv": [0, 0, 0, 1], "texture": "#missing"}
			}
		},
		{
			"from": [7, 2, 3],
			"to": [7, 16, 4],
			"rotation": {"angle": 45, "axis": "y", "origin": [6, 2, 10], "rescale": true},
			"faces": {
				"north": {"uv": [0, 0, 0, 14], "texture": "#missing"},
				"south": {"uv": [0, 0, 0, 14], "texture": "#missing"},
				"west": {"uv": [2, 0, 3, 14], "texture": "#bottom"},
				"up": {"uv": [0, 0, 0, 1], "texture": "#missing"},
				"down": {"uv": [0, 0, 0, 1], "texture": "#missing"}
			}
		},
		{
			"from": [-6, 2, 12],
			"to": [-6, 16, 13],
			"rotation": {"angle": -45, "axis": "y", "origin": [-7, 2, 19], "rescale": true},
			"faces": {
				"north": {"uv": [0, 0, 0, 14], "texture": "#missing"},
				"south": {"uv": [0, 0, 0, 14], "texture": "#missing"},
				"west": {"uv": [13, 0, 14, 14], "texture": "#bottom"},
				"up": {"uv": [0, 0, 0, 1], "texture": "#missing"},
				"down": {"uv": [0, 0, 0, 1], "texture": "#missing"}
			}
		},
		{
			"from": [10, 2, -5],
			"to": [11, 16, -5],
			"rotation": {"angle": 45, "axis": "y", "origin": [18, 10, 3], "rescale": true},
			"faces": {
				"east": {"uv": [0, 0, 0, 14], "texture": "#missing"},
				"south": {"uv": [13, 0, 14, 14], "texture": "#1"},
				"west": {"uv": [0, 0, 0, 14], "texture": "#missing"},
				"up": {"uv": [0, 0, 1, 0], "texture": "#missing"},
				"down": {"uv": [0, 0, 1, 0], "texture": "#missing"}
			}
		},
		{
			"from": [10, -5, 2],
			"to": [11, -5, 14],
			"rotation": {"angle": -45, "axis": "z", "origin": [18, 3, 10], "rescale": true},
			"faces": {
				"north": {"uv": [0, 0, 1, 0], "texture": "#missing"},
				"east": {"uv": [0, 0, 12, 0], "texture": "#missing"},
				"south": {"uv": [0, 0, 1, 0], "texture": "#missing"},
				"west": {"uv": [0, 0, 12, 0], "texture": "#missing"},
				"up": {"uv": [2, 13, 14, 14], "rotation": 90, "texture": "#1"}
			}
		},
		{
			"from": [10, 2, -2],
			"to": [10, 15, -1],
			"rotation": {"angle": 45, "axis": "y", "origin": [18, 10, 6], "rescale": true},
			"faces": {
				"north": {"uv": [0, 0, 0, 14], "texture": "#missing"},
				"east": {"uv": [9, 1, 10, 14], "texture": "#1"},
				"south": {"uv": [0, 0, 0, 14], "texture": "#missing"},
				"up": {"uv": [0, 0, 0, 1], "texture": "#missing"},
				"down": {"uv": [0, 0, 0, 1], "texture": "#missing"}
			}
		},
		{
			"from": [10, 2, 2],
			"to": [11, 15, 2],
			"rotation": {"angle": 45, "axis": "y", "origin": [18, 10, 10], "rescale": true},
			"faces": {
				"east": {"uv": [0, 0, 0, 14], "texture": "#missing"},
				"south": {"uv": [6, 1, 7, 14], "texture": "#1"},
				"west": {"uv": [0, 0, 0, 14], "texture": "#missing"},
				"up": {"uv": [0, 0, 1, 0], "texture": "#missing"},
				"down": {"uv": [0, 0, 1, 0], "texture": "#missing"}
			}
		},
		{
			"from": [10, 2, 5],
			"to": [10, 16, 6],
			"rotation": {"angle": 45, "axis": "y", "origin": [18, 10, 13], "rescale": true},
			"faces": {
				"north": {"uv": [0, 0, 0, 14], "texture": "#missing"},
				"east": {"uv": [2, 0, 3, 14], "texture": "#1"},
				"south": {"uv": [0, 0, 0, 14], "texture": "#missing"},
				"up": {"uv": [0, 0, 0, 1], "texture": "#missing"},
				"down": {"uv": [0, 0, 0, 1], "texture": "#missing"}
			}
		},
		{
			"from": [10, 6, 2],
			"to": [10, 7, 14],
			"rotation": {"angle": -45, "axis": "z", "origin": [18, 14, 10], "rescale": true},
			"faces": {
				"north": {"uv": [0, 0, 0, 1], "texture": "#missing"},
				"east": {"uv": [2, 1, 14, 2], "texture": "#1"},
				"south": {"uv": [0, 0, 0, 1], "texture": "#missing"},
				"up": {"uv": [0, 0, 0, 12], "texture": "#missing"},
				"down": {"uv": [0, 0, 0, 12], "texture": "#missing"}
			}
		},
		{
			"from": [0, 2, 7],
			"to": [3, 15, 9],
			"rotation": {"angle": 0, "axis": "y", "origin": [8, 8, 16]},
			"faces": {
				"east": {"uv": [7, 1, 9, 14], "texture": "#1"},
				"west": {"uv": [7, 1, 9, 14], "texture": "#bottom"}
			}
		},
		{
			"from": [-0.5, 15, 11],
			"to": [3.5, 16, 12],
			"rotation": {"angle": 0, "axis": "y", "origin": [8, 23, 19]},
			"faces": {
				"north": {"uv": [11, 0, 12, 1], "texture": "#bottom"},
				"east": {"uv": [4, 0, 5, 1], "texture": "#1"},
				"south": {"uv": [11, 0, 12, 1], "texture": "#bottom"},
				"west": {"uv": [11, 0, 12, 1], "texture": "#bottom"},
				"up": {"uv": [11, 0, 12, 1], "texture": "#bottom"},
				"down": {"uv": [11, 0, 12, 1], "texture": "#bottom"}
			}
		}
	],
	"groups": [
		{
			"name": "group",
			"origin": [8, 8, 10],
			"children": [0, 1, 2, 3, 4, 5, 6, 7, 8, 9, 10]
		},
		{
			"name": "group",
			"origin": [8, 8, 8],
			"children": [11, 12, 13, 14, 15, 16]
		}, 17, 18]
}