{
	"credit": "Made with Blockbench",
	"parent": "block/door_top",
	"textures": {
		"particle": "blocks/door_spruce_lower",
		"2": "blocks/door_spruce_lower",
		"bottom": "blocks/door_spruce_lower_m"
	},
	"elements": [
		{
			"from": [0.25, 0, 15],
			"to": [2.75, 4, 16],
			"rotation": {"angle": 0, "axis": "y", "origin": [8, -4, 23]},
			"faces": {
				"east": {"uv": [0, 12, 1, 16], "texture": "#2"},
				"south": {"uv": [0.25, 12, 2.75, 16], "texture": "#2"},
				"west": {"uv": [15, 12, 16, 16], "texture": "#bottom"},
				"down": {"uv": [13.25, 0, 15.75, 1], "texture": "#2"}
			}
		},
		{
			"from": [0.25, 6, 15],
			"to": [2.75, 15, 16],
			"rotation": {"angle": 0, "axis": "y", "origin": [8, 7, 23]},
			"faces": {
				"east": {"uv": [0, 1, 1, 10], "texture": "#2"},
				"south": {"uv": [0.25, 1, 2.75, 10], "texture": "#2"},
				"west": {"uv": [15, 1, 16, 10], "texture": "#bottom"}
			}
		},
		{
			"from": [0.25, 0, 6],
			"to": [2.75, 16, 7],
			"rotation": {"angle": 0, "axis": "y", "origin": [8, 8, 14]},
			"faces": {
				"east": {"uv": [9, 0, 10, 16], "texture": "#2"},
				"west": {"uv": [6, 0, 7, 16], "texture": "#bottom"},
				"down": {"uv": [13.25, 9, 15.75, 10], "texture": "#2"}
			}
		},
		{
			"from": [0.25, 0, 9],
			"to": [2.75, 16, 10],
			"rotation": {"angle": 0, "axis": "y", "origin": [8, 8, 17]},
			"faces": {
				"east": {"uv": [0, 0, 1, 16], "texture": "#2"},
				"west": {"uv": [9, 0, 10, 16], "texture": "#bottom"},
				"down": {"uv": [13.25, 6, 15.75, 7], "texture": "#2"}
			}
		},
		{
			"from": [0.25, 0, 12],
			"to": [2.75, 16, 13],
			"rotation": {"angle": 0, "axis": "y", "origin": [8, 8, 20]},
			"faces": {
				"east": {"uv": [3, 0, 4, 16], "texture": "#2"},
				"west": {"uv": [12, 0, 13, 16], "texture": "#bottom"},
				"down": {"uv": [13.25, 3, 15.75, 4], "texture": "#2"}
			}
		},
		{
			"from": [0.25, 0, 0],
			"to": [2.75, 16, 1],
			"faces": {
				"north": {"uv": [0, 0, 1, 16], "texture": "#bottom"},
				"east": {"uv": [15, 0, 16, 16], "texture": "#2"},
				"west": {"uv": [0, 0, 1, 16], "texture": "#bottom"},
				"down": {"uv": [13.25, 15, 15.75, 16], "texture": "#2"}
			}
		},
		{
			"from": [0.25, 0, 3],
			"to": [2.75, 12, 4],
			"rotation": {"angle": 0, "axis": "y", "origin": [8, 8, 11]},
			"faces": {
				"east": {"uv": [12, 4, 13, 16], "texture": "#2"},
				"west": {"uv": [3, 4, 4, 16], "texture": "#bottom"},
				"down": {"uv": [13.25, 12, 15.75, 13], "texture": "#2"}
			}
		},
		{
			"from": [0.25, 12, 3],
			"to": [2.75, 13, 4],
			"rotation": {"angle": 0, "axis": "y", "origin": [8, 9, 11]},
			"faces": {
				"east": {"uv": [12, 4, 13, 5], "texture": "#2"},
				"west": {"uv": [3, 4, 4, 5], "texture": "#bottom"},
				"down": {"uv": [13.25, 12, 15.75, 13], "texture": "#2"}
			}
		},
		{
			"from": [0.25, 13, 3],
			"to": [2.75, 15, 4],
			"rotation": {"angle": 0, "axis": "y", "origin": [8, 10, 11]},
			"faces": {
				"east": {"uv": [12, 1, 13, 3], "texture": "#2"},
				"west": {"uv": [3, 1, 4, 3], "texture": "#bottom"},
				"down": {"uv": [13.25, 12, 15.75, 13], "texture": "#2"}
			}
		},
		{
			"from": [0.25, 15, 3],
			"to": [2.75, 16, 4],
			"rotation": {"angle": 0, "axis": "y", "origin": [8, 11, 11]},
			"faces": {
				"east": {"uv": [12, 1, 13, 2], "texture": "#2"},
				"west": {"uv": [3, 1, 4, 2], "texture": "#bottom"},
				"down": {"uv": [13.25, 12, 15.75, 13], "texture": "#2"}
			}
		},
		{
			"from": [0, 0, 1],
			"to": [3, 16, 3],
			"rotation": {"angle": 0, "axis": "y", "origin": [8, 8, 9]},
			"faces": {
				"north": {"uv": [1, 0, 2, 16], "texture": "#bottom"},
				"east": {"uv": [13, 0, 15, 16], "texture": "#2"},
				"south": {"uv": [8, 0, 9, 16], "texture": "#bottom"},
				"west": {"uv": [1, 0, 3, 16], "texture": "#bottom"},
				"down": {"uv": [13, 13, 16, 15], "texture": "#2"}
			}
		},
		{
			"from": [0, 0, 4],
			"to": [3, 16, 6],
			"rotation": {"angle": 0, "axis": "y", "origin": [8, 8, 12]},
			"faces": {
				"north": {"uv": [10, 0, 11, 16], "texture": "#bottom"},
				"east": {"uv": [10, 0, 12, 16], "texture": "#2"},
				"south": {"uv": [5, 0, 6, 16], "texture": "#bottom"},
				"west": {"uv": [4, 0, 6, 16], "texture": "#bottom"},
				"down": {"uv": [13, 10, 16, 12], "texture": "#2"}
			}
		},
		{
			"from": [0, 0, 7],
			"to": [3, 16, 9],
			"rotation": {"angle": 0, "axis": "y", "origin": [8, 8, 15]},
			"faces": {
				"north": {"uv": [7, 0, 8, 16], "texture": "#bottom"},
				"east": {"uv": [7, 0, 9, 16], "texture": "#2"},
				"south": {"uv": [8, 0, 9, 16], "texture": "#bottom"},
				"west": {"uv": [7, 0, 9, 16], "texture": "#bottom"},
				"down": {"uv": [13, 7, 16, 9], "texture": "#2"}
			}
		},
		{
			"from": [0, 0, 10],
			"to": [3, 16, 12],
			"rotation": {"angle": 0, "axis": "y", "origin": [8, 8, 18]},
			"faces": {
				"north": {"uv": [10, 0, 11, 16], "texture": "#bottom"},
				"east": {"uv": [4, 0, 6, 16], "texture": "#2"},
				"south": {"uv": [11, 0, 12, 16], "texture": "#bottom"},
				"west": {"uv": [10, 0, 12, 16], "texture": "#bottom"},
				"down": {"uv": [13, 4, 16, 6], "texture": "#2"}
			}
		},
		{
			"from": [0, 0, 13],
			"to": [3, 16, 15],
			"rotation": {"angle": 0, "axis": "y", "origin": [8, 8, 21]},
			"faces": {
				"north": {"uv": [13, 0, 14, 16], "texture": "#bottom"},
				"east": {"uv": [1, 0, 3, 16], "texture": "#2"},
				"south": {"uv": [14, 0, 15, 16], "texture": "#bottom"},
				"west": {"uv": [13, 0, 15, 16], "texture": "#bottom"},
				"down": {"uv": [13, 1, 16, 3], "texture": "#2"}
			}
		},
		{
			"from": [0, 4, 15],
			"to": [3, 6, 16],
			"rotation": {"angle": 0, "axis": "y", "origin": [8, 13, 23]},
			"faces": {
				"east": {"uv": [0, 10, 1, 12], "texture": "#2"},
				"south": {"uv": [0, 10, 3, 12], "texture": "#2"},
				"west": {"uv": [15, 10, 16, 12], "texture": "#bottom"},
				"up": {"uv": [15, 10, 16, 11], "texture": "#bottom"},
				"down": {"uv": [15, 11, 16, 12], "texture": "#bottom"}
			}
		},
		{
			"from": [0, 15, 15],
			"to": [3, 16, 16],
			"rotation": {"angle": 0, "axis": "y", "origin": [8, 24, 23]},
			"faces": {
				"east": {"uv": [0, 0, 1, 1], "texture": "#2"},
				"south": {"uv": [0, 0, 3, 1], "texture": "#2"},
				"west": {"uv": [15, 0, 16, 1], "texture": "#bottom"},
				"down": {"uv": [15, 0, 16, 1], "texture": "#bottom"}
			}
		},
		{
			"from": [-0.5, 15, 3],
			"to": [0, 16, 5],
			"rotation": {"angle": 0, "axis": "y", "origin": [8, 23, 11]},
			"faces": {
				"north": {"uv": [3, 0, 4, 1], "texture": "#bottom"},
				"east": {"uv": [11, 0, 13, 1], "texture": "#2"},
				"south": {"uv": [4, 0, 5, 1], "texture": "#bottom"},
				"west": {"uv": [3, 0, 5, 1], "texture": "#bottom"},
				"up": {"uv": [3, 0, 5, 1], "rotation": 90, "texture": "#bottom"},
				"down": {"uv": [3, 0, 5, 1], "rotation": 270, "texture": "#bottom"}
			}
		},
		{
			"from": [-0.5, 12, 3],
			"to": [0, 13, 5],
			"rotation": {"angle": 0, "axis": "y", "origin": [8, 20, 11]},
			"faces": {
				"north": {"uv": [3, 3, 4, 4], "texture": "#bottom"},
				"east": {"uv": [11, 3, 13, 4], "texture": "#2"},
				"south": {"uv": [4, 3, 5, 4], "texture": "#bottom"},
				"west": {"uv": [3, 3, 5, 4], "texture": "#bottom"},
				"up": {"uv": [3, 3, 5, 4], "rotation": 90, "texture": "#bottom"},
				"down": {"uv": [3, 3, 5, 4], "rotation": 270, "texture": "#bottom"}
			}
		},
		{
			"from": [-0.5, 13, 5],
			"to": [0, 15, 6],
			"rotation": {"angle": 0, "axis": "y", "origin": [8, 21, 12]},
			"faces": {
				"north": {"uv": [5, 1, 6, 3], "texture": "#bottom"},
				"east": {"uv": [10, 1, 11, 3], "texture": "#2"},
				"south": {"uv": [5, 1, 6, 3], "texture": "#bottom"},
				"west": {"uv": [5, 1, 6, 3], "texture": "#bottom"},
				"up": {"uv": [5, 1, 6, 2], "rotation": 90, "texture": "#bottom"},
				"down": {"uv": [5, 2, 6, 3], "rotation": 270, "texture": "#bottom"}
			}
		},
		{
			"from": [-0.5, 13, 2],
			"to": [0, 15, 3],
			"rotation": {"angle": 0, "axis": "y", "origin": [8, 21, 9]},
			"faces": {
				"north": {"uv": [2, 1, 3, 3], "texture": "#bottom"},
				"east": {"uv": [13, 1, 14, 3], "texture": "#2"},
				"south": {"uv": [2, 1, 3, 3], "texture": "#bottom"},
				"west": {"uv": [2, 1, 3, 3], "texture": "#bottom"},
				"up": {"uv": [2, 1, 3, 2], "rotation": 90, "texture": "#bottom"},
				"down": {"uv": [2, 2, 3, 3], "rotation": 270, "texture": "#bottom"}
			}
		},
		{
			"from": [3, 15, 3],
			"to": [3.5, 16, 5],
			"rotation": {"angle": 0, "axis": "y", "origin": [8, 23, 11]},
			"faces": {
				"north": {"uv": [3, 0, 4, 1], "texture": "#bottom"},
				"east": {"uv": [11, 0, 13, 1], "texture": "#2"},
				"south": {"uv": [4, 0, 5, 1], "texture": "#bottom"},
				"west": {"uv": [3, 0, 5, 1], "texture": "#bottom"},
				"up": {"uv": [3, 0, 5, 1], "rotation": 90, "texture": "#bottom"},
				"down": {"uv": [3, 0, 5, 1], "rotation": 270, "texture": "#bottom"}
			}
		},
		{
			"from": [3, 12, 3],
			"to": [3.5, 13, 5],
			"rotation": {"angle": 0, "axis": "y", "origin": [8, 20, 11]},
			"faces": {
				"north": {"uv": [3, 3, 4, 4], "texture": "#bottom"},
				"east": {"uv": [11, 3, 13, 4], "texture": "#2"},
				"south": {"uv": [4, 3, 5, 4], "texture": "#bottom"},
				"west": {"uv": [3, 3, 5, 4], "texture": "#bottom"},
				"up": {"uv": [3, 3, 5, 4], "rotation": 90, "texture": "#bottom"},
				"down": {"uv": [3, 3, 5, 4], "rotation": 270, "texture": "#bottom"}
			}
		},
		{
			"from": [3, 13, 5],
			"to": [3.5, 15, 6],
			"rotation": {"angle": 0, "axis": "y", "origin": [8, 21, 12]},
			"faces": {
				"north": {"uv": [5, 1, 6, 3], "texture": "#bottom"},
				"east": {"uv": [10, 1, 11, 3], "texture": "#2"},
				"south": {"uv": [5, 1, 6, 3], "texture": "#bottom"},
				"west": {"uv": [5, 1, 6, 3], "texture": "#bottom"},
				"up": {"uv": [5, 1, 6, 2], "rotation": 90, "texture": "#bottom"},
				"down": {"uv": [5, 2, 6, 3], "rotation": 270, "texture": "#bottom"}
			}
		},
		{
			"from": [3, 13, 2],
			"to": [3.5, 15, 3],
			"rotation": {"angle": 0, "axis": "y", "origin": [8, 21, 9]},
			"faces": {
				"north": {"uv": [2, 1, 3, 3], "texture": "#bottom"},
				"east": {"uv": [13, 1, 14, 3], "texture": "#2"},
				"south": {"uv": [2, 1, 3, 3], "texture": "#bottom"},
				"west": {"uv": [2, 1, 3, 3], "texture": "#bottom"},
				"up": {"uv": [2, 1, 3, 2], "rotation": 90, "texture": "#bottom"},
				"down": {"uv": [2, 2, 3, 3], "rotation": 270, "texture": "#bottom"}
			}
		}
	],
	"groups": [
		{
			"name": "group",
			"origin": [8, 8, 8],
			"children": [0, 1, 2, 3, 4, 5, 6, 7, 8, 9, 10, 11, 12, 13, 14]
		},
		{
			"name": "group",
			"origin": [8, 8, 8],
			"children": [15, 16]
		},
		{
			"name": "group",
			"origin": [8, 8, 8],
			"children": [17, 18, 19, 20]
		},
		{
			"name": "group",
			"origin": [8, 8, 8],
			"children": [21, 22, 23, 24]
		}
	]
}