{
	"credit": "Made with Blockbench",
	"parent": "block/door_top",
	"textures": {
		"2": "blocks/door_spruce_upper_m",
		"top": "blocks/door_spruce_upper",
		"particle": "blocks/door_spruce_upper",
		"bottom": "blocks/door_spruce_lower"
	},
	"elements": [
		{
			"from": [0.25, 12, 0],
			"to": [2.75, 16, 1],
			"faces": {
				"north": {"uv": [13.25, 0, 15.75, 4], "texture": "#2"},
				"east": {"uv": [15, 0, 16, 4], "texture": "#2"},
				"west": {"uv": [0, 0, 1, 4], "texture": "#top"},
				"up": {"uv": [13.25, 0, 15.75, 1], "texture": "#bottom"}
			}
		},
		{
			"from": [0.25, 1, 0],
			"to": [2.75, 10, 1],
			"rotation": {"angle": 0, "axis": "y", "origin": [8, 2, 8]},
			"faces": {
				"north": {"uv": [13.25, 6, 15.75, 15], "texture": "#2"},
				"east": {"uv": [15, 6, 16, 15], "texture": "#2"},
				"west": {"uv": [0, 6, 1, 15], "texture": "#top"}
			}
		},
		{
			"from": [0.25, 0, 6],
			"to": [2.75, 16, 7],
			"rotation": {"angle": 0, "axis": "y", "origin": [8, 8, 14]},
			"faces": {
				"east": {"uv": [9, 0, 10, 16], "texture": "#2"},
				"west": {"uv": [6, 0, 7, 16], "texture": "#top"},
				"up": {"uv": [13.25, 6, 15.75, 7], "texture": "#bottom"}
			}
		},
		{
			"from": [0.25, 0, 9],
			"to": [2.75, 16, 10],
			"rotation": {"angle": 0, "axis": "y", "origin": [8, 8, 17]},
			"faces": {
				"east": {"uv": [0, 0, 1, 16], "texture": "#2"},
				"west": {"uv": [9, 0, 10, 16], "texture": "#top"},
				"up": {"uv": [13.25, 9, 15.75, 10], "texture": "#bottom"}
			}
		},
		{
			"from": [0.25, 0, 12],
			"to": [2.75, 16, 13],
			"rotation": {"angle": 0, "axis": "y", "origin": [8, 8, 20]},
			"faces": {
				"east": {"uv": [3, 0, 4, 16], "texture": "#2"},
				"west": {"uv": [12, 0, 13, 16], "texture": "#top"},
				"up": {"uv": [13.25, 12, 15.75, 13], "texture": "#bottom"}
			}
		},
		{
			"from": [0.25, 0, 15],
			"to": [2.75, 16, 16],
			"rotation": {"angle": 0, "axis": "y", "origin": [8, 8, 23]},
			"faces": {
				"east": {"uv": [0, 0, 1, 16], "texture": "#2"},
				"south": {"uv": [15, 0, 16, 16], "texture": "#top"},
				"west": {"uv": [15, 0, 16, 16], "texture": "#top"},
				"up": {"uv": [13.25, 15, 15.75, 16], "texture": "#bottom"}
			}
		},
		{
			"from": [0.25, 0, 3],
			"to": [2.75, 16, 4],
			"rotation": {"angle": 0, "axis": "y", "origin": [8, 8, 11]},
			"faces": {
				"east": {"uv": [12, 0, 13, 16], "texture": "#2"},
				"west": {"uv": [3, 0, 4, 16], "texture": "#top"},
				"up": {"uv": [13.25, 3, 15.75, 4], "texture": "#bottom"}
			}
		},
		{
			"from": [0, 0, 1],
			"to": [3, 16, 3],
			"rotation": {"angle": 0, "axis": "y", "origin": [8, 8, 9]},
			"faces": {
				"north": {"uv": [1, 0, 2, 16], "texture": "#top"},
				"east": {"uv": [13, 0, 15, 16], "texture": "#2"},
				"south": {"uv": [2, 0, 3, 16], "texture": "#top"},
				"west": {"uv": [1, 0, 3, 16], "texture": "#top"},
				"up": {"uv": [13, 1, 16, 3], "texture": "#bottom"}
			}
		},
		{
			"from": [0, 0, 4],
			"to": [3, 16, 6],
			"rotation": {"angle": 0, "axis": "y", "origin": [8, 8, 12]},
			"faces": {
				"north": {"uv": [4, 0, 5, 16], "texture": "#top"},
				"east": {"uv": [10, 0, 12, 16], "texture": "#2"},
				"south": {"uv": [5, 0, 6, 16], "texture": "#top"},
				"west": {"uv": [4, 0, 6, 16], "texture": "#top"},
				"up": {"uv": [13, 4, 16, 6], "texture": "#bottom"}
			}
		},
		{
			"from": [0, 0, 7],
			"to": [3, 16, 9],
			"rotation": {"angle": 0, "axis": "y", "origin": [8, 8, 15]},
			"faces": {
				"north": {"uv": [7, 0, 8, 16], "texture": "#top"},
				"east": {"uv": [7, 0, 9, 16], "texture": "#2"},
				"south": {"uv": [8, 0, 9, 16], "texture": "#top"},
				"west": {"uv": [7, 0, 9, 16], "texture": "#top"},
				"up": {"uv": [13, 7, 16, 9], "texture": "#bottom"}
			}
		},
		{
			"from": [0, 0, 10],
			"to": [3, 16, 12],
			"rotation": {"angle": 0, "axis": "y", "origin": [8, 8, 18]},
			"faces": {
				"north": {"uv": [10, 0, 11, 16], "texture": "#top"},
				"east": {"uv": [4, 0, 6, 16], "texture": "#2"},
				"south": {"uv": [11, 0, 12, 16], "texture": "#top"},
				"west": {"uv": [10, 0, 12, 16], "texture": "#top"},
				"up": {"uv": [13, 10, 16, 12], "texture": "#bottom"}
			}
		},
		{
			"from": [0, 0, 13],
			"to": [3, 16, 15],
			"rotation": {"angle": 0, "axis": "y", "origin": [8, 8, 21]},
			"faces": {
				"north": {"uv": [13, 0, 14, 16], "texture": "#top"},
				"east": {"uv": [1, 0, 3, 16], "texture": "#2"},
				"south": {"uv": [14, 0, 15, 16], "texture": "#top"},
				"west": {"uv": [13, 0, 15, 16], "texture": "#top"},
				"up": {"uv": [13, 13, 16, 15], "texture": "#bottom"}
			}
		},
		{
			"from": [0, 10, 0],
			"to": [3, 12, 1],
			"rotation": {"angle": 0, "axis": "y", "origin": [8, 19, 8]},
			"faces": {
				"north": {"uv": [13, 4, 16, 6], "texture": "#2"},
				"east": {"uv": [15, 4, 16, 6], "texture": "#2"},
				"west": {"uv": [0, 4, 1, 6], "texture": "#top"},
				"up": {"uv": [0, 4, 1, 5], "texture": "#top"},
				"down": {"uv": [0, 5, 1, 6], "texture": "#top"}
			}
		},
		{
			"from": [0, 0, 0],
			"to": [3, 1, 1],
			"rotation": {"angle": 0, "axis": "y", "origin": [8, 9, 8]},
			"faces": {
				"north": {"uv": [13, 15, 16, 16], "texture": "#2"},
				"east": {"uv": [15, 15, 16, 16], "texture": "#2"},
				"west": {"uv": [0, 15, 1, 16], "texture": "#top"},
				"up": {"uv": [0, 15, 1, 16], "texture": "#top"}
			}
		}
	],
	"groups": [
		{
			"name": "group",
			"origin": [8, 8, 8],
			"children": [0, 1, 2, 3, 4, 5, 6, 7, 8, 9, 10, 11]
		},
		{
			"name": "group",
			"origin": [8, 8, 8],
			"children": [12, 13]
		}
	]
}