{
    "variants": {
        "facing=north,lit=false": { "model": "block/furnace" },
        "facing=south,lit=false": { "model": "block/furnace_r180" },
        "facing=west,lit=false":  { "model": "block/furnace_r270" },
        "facing=east,lit=false":  { "model": "block/furnace_r90" },
        "facing=north,lit=true": { "model": "block/furnace_on" },
        "facing=south,lit=true": { "model": "block/furnace_on_r180" },
        "facing=west,lit=true":  { "model": "block/furnace_on_r270" },
        "facing=east,lit=true":  { "model": "block/furnace_on_r90" }
    }
}
